11163479,2019,12,29,9,12,17,4.72,125.3,21.2,5.4
11163305,2019,12,28,18,25,45,1.42,128.43,53.1,4.8
11162348,2019,12,25,16,56,25,4.03,126.73,26.6,5.3
11158302,2019,12,15,14,9,12,1.8,127.22,116.9,5.4
11154098,2019,12,5,12,24,44,5.48,126.78,40.6,5.7
11149926,2019,11,24,14,48,6,-0.11,124.37,52.7,5
11147180,2019,11,18,11,24,8,1.89,126.22,30.7,5
11146914,2019,11,17,11,8,4,1.56,126.34,28.6,4.9
11146611,2019,11,16,10,19,19,1.8,126.16,27.3,5.9
11146348,2019,11,15,23,44,37,1.66,126.45,29.8,5
11146080,2019,11,15,12,52,27,1.84,126.24,30.2,5.1
11146040,2019,11,15,9,36,28,1.65,126.26,34.2,5
11145991,2019,11,15,5,34,50,1.72,126.08,32.4,5.1
11145962,2019,11,15,3,13,3,1.81,126.41,32.7,5.2
11145930,2019,11,15,1,17,43,1.69,126.25,28.8,6
11145797,2019,11,14,23,17,26,1.74,126.29,27.5,5.6
11145732,2019,11,14,22,42,29,1.73,126.23,30.1,5.5
11145725,2019,11,14,22,34,27,1.78,126.26,29.2,5.5
11145704,2019,11,14,22,15,15,1.78,126.44,30.3,5.4
11145686,2019,11,14,21,37,31,1.72,126.21,33.4,5.7
11145623,2019,11,14,21,13,1,1.72,126.1,26.2,6.1
11145614,2019,11,14,20,54,7,1.71,126.37,26.1,5.6
11145610,2019,11,14,20,39,12,1.8,126.26,33,5.7
11154514,2019,11,14,20,19,52,1.71,126.42,29.9,5.6
11145557,2019,11,14,18,45,45,1.64,126.15,36,6
11145501,2019,11,14,16,17,47,1.66,126.32,29.6,7.1
11144413,2019,11,12,2,48,32,1.58,123.46,29,5
11144362,2019,11,11,23,41,2,1.53,127.06,105.3,5.4
11143269,2019,11,8,19,57,24,4.93,127.4,57.6,5.1
11142733,2019,11,7,22,41,29,5.66,126.31,89.4,5.1
11139753,2019,11,1,2,34,1,3.29,127.23,16,5.7
11138996,2019,10,30,17,29,4,1.46,126.36,31.5,5.4
11136352,2019,10,24,13,38,18,1.13,124.24,248.4,5.7
11133361,2019,10,18,13,18,43,4.85,125.12,32.3,5
11132760,2019,10,17,1,28,57,5.21,126.3,86.6,5
11131314,2019,10,13,19,35,15,-0.11,124.65,25,5.3
11124134,2019,9,29,7,40,18,5.62,126.58,83.7,5.3
11124051,2019,9,29,2,2,53,5.65,126.58,77.3,6.2
11118575,2019,9,18,7,1,4,5.4,126.61,30.4,5.7
11114660,2019,9,10,23,32,26,4.08,126.79,29.3,5.7
11111403,2019,9,4,20,7,15,0.37,126.21,26.4,4.8
11111353,2019,9,4,18,9,46,0.21,126.01,27.8,5.1
11111184,2019,9,4,13,37,49,2.41,126.64,45.1,5
11109455,2019,9,1,11,57,35,5.38,126.97,96,4.8
11092513,2019,8,6,3,51,20,2.32,126.17,48.3,5.2
11078368,2019,7,18,17,17,54,0.16,126.32,21.9,5.3
11069919,2019,7,11,21,46,43,0.15,126.37,21.1,5.3
11069897,2019,7,11,21,24,28,0.38,126.49,27.7,5
11079849,2019,7,8,23,58,22,0.82,126.21,30.8,5
11063232,2019,7,8,18,52,38,0.35,126.38,19.6,5.9
11062327,2019,7,8,6,20,17,0.52,126.23,26.9,5.7
11062204,2019,7,8,4,16,20,0.81,126.36,28.4,5
11062095,2019,7,8,2,24,39,0.68,126.24,26.5,5
11061463,2019,7,7,15,8,47,0.55,126.1,30.5,6.9
11054090,2019,6,27,20,24,33,1.47,127.39,150.7,4.8
11051275,2019,6,20,2,4,40,5.74,126.79,56.9,5
11042325,2019,5,29,22,13,45,2.22,128.18,84.1,4.9
11033795,2019,5,4,21,2,11,2.12,123.71,342.4,5.7
11117681,2019,5,4,21,2,11,2.07,123.58,340,5.7
11033391,2019,5,3,22,22,38,4.14,126.72,29.7,5.2
11029365,2019,4,24,3,28,25,2.29,128.19,104.8,4.8
11027600,2019,4,19,7,29,58,5.48,126.81,42.8,5.3
11023658,2019,4,8,16,16,35,1.37,126.98,136.1,5.2
11098322,2019,4,4,6,36,5,4.33,127.37,30.7,5.1
11021545,2019,4,2,12,28,34,1.83,127.26,106.9,4.8
11017911,2019,3,24,4,37,39,1.77,126.36,41.9,6.1
11015302,2019,3,16,7,6,20,1.25,126.54,25.5,5.1
11012162,2019,3,6,23,56,56,2.26,126.67,34.6,5
11010055,2019,3,1,1,0,41,5.14,125.4,186.4,5.3
11009229,2019,2,27,0,11,26,5.34,127.44,107.8,4.7
11008205,2019,2,23,11,44,0,1.25,128.15,17.6,5
11006978,2019,2,20,0,10,43,0.81,126.16,31.7,5.6
11004342,2019,2,10,2,5,2,0.34,126.2,27,5.1
11004336,2019,2,10,1,8,50,2.63,127.32,26.4,5.1
11003447,2019,2,7,10,3,8,2.29,128.69,17.6,5.3
11003365,2019,2,7,4,15,33,1.53,126.39,40.5,5.7
11003065,2019,2,6,11,55,10,2.34,128.67,15.4,4.9
11002954,2019,2,5,23,17,46,2.79,128.45,41.3,5.1
11001983,2019,2,2,1,11,2,0.2,125.45,52.6,5.3
10997982,2019,1,21,16,47,50,4.49,126.85,20.1,5.1
10997282,2019,1,18,18,52,5,3.45,128.83,14.8,5.2
10996375,2019,1,16,10,53,19,3.65,128.76,15,5.3
10996371,2019,1,16,10,49,30,3.63,128.77,12,5.4
10995263,2019,1,13,1,20,19,3.59,128.77,18.4,5.1
10995262,2019,1,13,1,16,22,3.65,128.74,12,5.2
10993324,2019,1,7,14,40,4,2.46,126.74,42.9,4.9
10993321,2019,1,7,14,11,55,2.54,126.9,35.6,5.2
10993072,2019,1,6,17,27,24,2.48,126.63,34.9,6.6
10992641,2019,1,5,1,4,19,4.41,126.31,114.8,5
10992283,2019,1,3,20,59,2,2.56,127.39,42.5,5
10991129,2018,12,30,18,34,59,1.73,126.32,31.4,5.1
10990621,2018,12,29,9,13,2,5.75,126.96,56.6,5.4
10990548,2018,12,29,3,39,14,5.87,126.91,54.4,7
10989220,2018,12,25,7,18,25,1.27,126.34,31.1,5.4
10987031,2018,12,19,11,25,8,-0.22,124.59,59.2,4.9
10985221,2018,12,14,19,27,27,-0.15,122.97,161,5.2
10979542,2018,12,4,6,53,2,2.51,126.66,35.9,5.6
10973328,2018,11,21,4,31,29,0.63,125.78,25,5.5
11015860,2018,11,20,2,29,2,2.93,126.84,28.1,5.3
10970151,2018,11,11,7,13,40,1.5,127.1,127.2,5.2
10968195,2018,11,6,2,9,52,3.66,125.31,22.2,5.1
10964863,2018,10,28,8,9,58,4.16,126.61,28.6,5.4
10964861,2018,10,28,7,53,18,4.26,126.55,28.3,4.9
10962025,2018,10,20,18,51,57,5.28,126.61,90.2,5.3
10958926,2018,10,13,4,34,15,1.55,125.48,120.6,5.2
11006453,2018,10,2,5,15,35,0.2,126.01,29.6,4.9
10954110,2018,10,1,10,33,4,3.37,126.92,38.2,5.1
10950967,2018,9,23,3,9,41,0.48,126.34,22.2,5.2
10947631,2018,9,13,16,49,19,3.21,128.15,142.7,4.9
10945535,2018,9,7,20,44,11,2.8,125,203.1,5.4
10939067,2018,8,22,19,58,46,3.69,126.66,19.3,5.2
10934145,2018,8,12,17,23,14,2.98,127.98,23.9,5.4
10932576,2018,8,8,4,36,6,5.79,125.98,150.4,5
10931373,2018,8,4,20,52,20,3.19,127.18,28.2,5
10917915,2018,7,22,18,28,43,4.72,125.01,17.8,5.2
10895674,2018,6,28,23,35,25,2.65,128.46,223.3,5.1
10894231,2018,6,27,6,44,28,0.69,125.99,34.2,5.4
10882559,2018,6,14,19,47,0,2.96,127.87,25.1,4.9
10843651,2018,6,3,6,26,32,4.59,126.82,37.6,5.1
10843408,2018,6,2,16,29,3,4.59,126.76,28.2,5.8
10803061,2018,5,13,15,33,31,5.43,125.44,173.6,5.2
10802708,2018,5,12,18,15,23,1.17,127.09,39,5
10802050,2018,5,10,22,52,13,3.54,127.1,72.7,4.8
10801807,2018,5,10,8,39,56,1.03,126.15,41.1,5.4
10767147,2018,5,1,21,9,22,1.91,126.59,36.3,5.3
10768051,2018,5,1,19,33,29,2.34,126.72,42.1,5
10764000,2018,4,23,4,5,18,0.56,125.83,53.1,5.2
10763742,2018,4,22,2,29,27,4.8,127.54,119.5,4.9
10804666,2018,4,17,2,39,15,1.29,126.88,82,4.9
10728247,2018,4,15,19,30,47,1.51,126.85,40.2,6
10725079,2018,4,6,23,18,45,3.47,127.36,15,5.1
10723751,2018,4,3,9,14,8,3.28,127.86,78.8,5.5
10722851,2018,3,31,19,49,50,1.79,128.53,119.8,4.8
10721828,2018,3,28,17,13,9,1.75,126.19,30.2,4.8
10719903,2018,3,22,2,46,32,0.4,126.1,30.6,5
10719558,2018,3,21,15,33,50,1.66,127.81,14,5.1
10685833,2018,3,15,4,28,49,1.08,125.29,61.2,4.9
10645090,2018,2,20,9,29,28,1.5,124.48,218.1,5.1
10637970,2018,2,2,0,20,43,-0.32,125.13,30.9,5.6
10608514,2018,1,25,8,3,37,5.77,126.06,95.8,4.8
10605048,2018,1,15,6,31,51,0.38,123.69,239.7,5.3
10601659,2018,1,6,18,35,10,4.29,126.75,29.3,4.9
10599769,2017,12,31,14,53,32,5.47,124.89,25.2,5.1
10598985,2017,12,28,17,20,23,4.1,126.83,32.5,5.8
10598066,2017,12,25,12,47,40,4.03,126.82,29.5,5.2
10560689,2017,12,5,12,14,28,2.47,126.78,41.8,5.3
10556660,2017,11,22,1,11,23,0.47,124.46,105.6,5.2
10683996,2017,11,19,13,12,32,2.45,127.82,24.8,5
10683993,2017,11,19,3,15,45,2.58,128.23,20.9,4.8
10522093,2017,11,18,19,13,6,2.58,128.1,15.1,4.9
10522084,2017,11,18,18,36,43,2.54,128.08,15,5.4
10522054,2017,11,18,16,7,5,2.59,128.1,14.1,5.8
10453587,2017,11,9,3,11,3,1.85,127.09,116.9,5.3
10447073,2017,10,21,1,32,13,4.18,127.85,53.7,5.4
10447693,2017,10,18,13,40,56,-0.22,123.1,91.3,5.3
10409981,2017,9,30,23,15,33,4.11,128.49,18.8,5.6
10409868,2017,9,30,10,30,3,1.95,128.68,42.2,5.2
10408342,2017,9,25,22,7,5,0.9,124.31,208.5,5
10399312,2017,8,31,22,57,39,-0.33,125.2,35.1,5.4
10270606,2017,7,1,5,11,33,2.35,127.28,116.5,4.9
10269263,2017,6,27,14,55,30,1.73,126.88,73.3,4.9
10269093,2017,6,27,1,5,4,2.26,128.27,177.7,5.1
10202631,2017,6,12,4,30,36,3.78,126.81,30.4,5.3
10202075,2017,6,9,12,58,27,5.66,125.25,34.2,5
10117631,2017,4,28,20,23,23,5.49,124.89,31.4,6.9
10101037,2017,4,26,4,52,1,1.61,128.2,94.8,5
10091883,2017,4,24,6,13,50,-0.3,125.24,39,5.4
10049631,2017,4,13,16,5,54,5.53,127.49,28.5,5.6
10049011,2017,4,11,17,41,24,5.56,127.49,28.9,5.3
10049067,2017,4,11,15,55,53,5.65,127.73,28.2,5.1
10048907,2017,4,11,14,42,21,5.57,127.58,24.1,5.7
10048877,2017,4,11,11,22,46,5.54,127.58,27.7,5.3
10389347,2017,4,11,2,50,43,5.48,127.57,32.3,5.1
10389346,2017,4,11,2,44,30,5.55,127.63,26.6,5
10389344,2017,4,10,11,8,17,5.64,127.39,32.4,5.2
10048549,2017,4,10,10,38,52,5.62,127.4,29.5,5.9
10045129,2017,3,29,3,30,28,2.84,126.01,118,5.2
10006979,2017,3,8,1,38,43,2.62,128.65,41.7,5.2
10002859,2017,2,22,5,31,45,4.98,127.37,42.1,5
10001086,2017,2,15,14,7,30,4.12,126.84,26.2,4.9
9999705,2017,2,10,18,28,0,-0.1,123.09,60.6,5
9993538,2017,1,21,5,16,32,2.99,128.23,32.8,5.6
9955554,2017,1,14,11,41,22,1.42,126.3,25.4,5.5
9955039,2017,1,13,16,39,28,-0.2,125.04,36.2,5.7
9953968,2017,1,10,6,13,55,4.57,122.78,621.5,7.3
10156902,2017,1,1,14,13,38,3.63,128.6,19.3,5.4
9951175,2017,1,1,14,13,38,3.69,128.68,27.9,5.5
9951173,2017,1,1,14,12,14,3.64,128.64,31.1,5.5
10156901,2017,1,1,14,12,10,3.71,128.56,27.4,5.4
9950397,2016,12,30,7,10,6,2.07,126.52,24,5.1
9948594,2016,12,23,19,15,39,-0.35,124.55,42.1,4.9
5199649,2016,12,4,5,24,8,4.52,127.86,161.6,5.7
5199120,2016,11,29,3,53,55,0.04,125.38,32.2,5
5198636,2016,11,23,17,17,31,4.59,126.46,81.3,4.9
5196402,2016,10,27,8,17,52,1.4,125.88,67.8,5.8
5196060,2016,10,21,16,10,53,1.97,127.3,87.4,4.9
5195642,2016,10,13,20,18,45,4.38,126.27,87.8,5.1
5195389,2016,10,9,14,46,28,1.82,127.48,141.1,5.8
5193900,2016,9,21,2,20,8,5.51,127.09,50.2,4.9
5193479,2016,9,16,7,50,48,5.71,125.66,200.1,5.5
5192840,2016,9,10,16,29,7,5.57,126.9,70.7,5.1
5192359,2016,9,5,6,14,11,3.71,127.06,19.3,5
5190531,2016,8,15,5,28,14,5.78,126.07,93.6,5
5190131,2016,8,10,8,17,45,5.8,125.14,82.5,5
5190110,2016,8,10,4,6,58,5.59,125.74,137.1,5.3
5190047,2016,8,9,11,27,41,0.04,123.8,172.2,4.9
5189195,2016,7,29,8,29,28,0.06,123.5,153.7,5.4
5188369,2016,7,20,3,58,30,-0.02,122.87,167.7,5.1
5187709,2016,7,12,16,25,12,1.6,126.57,38,4.9
5186073,2016,6,22,11,0,0,0.54,127.15,99,5
5185849,2016,6,19,5,0,15,1.12,126.04,29.3,5.2
5185222,2016,6,12,4,56,16,2.91,127.26,30.8,4.9
5184776,2016,6,7,19,15,19,1.41,126.35,31.4,6.4
5184759,2016,6,7,14,20,57,5.63,126.45,112,4.9
5184720,2016,6,7,0,29,38,0.57,126.54,33.1,4.8
5184545,2016,6,4,10,44,13,0.33,126.26,22.2,5.5
5183916,2016,5,27,13,39,50,2.83,128.09,117.3,4.9
5182668,2016,5,13,10,3,15,4.98,127.55,118.4,5.1
5181889,2016,5,5,20,39,18,1.66,126.47,32.6,5
5180782,2016,4,22,18,48,1,1.72,126.68,55.7,4.8
5180519,2016,4,20,16,3,30,5.64,126.75,102.9,4.9
5180007,2016,4,15,11,5,31,4.23,126.57,30.4,4.9
5179976,2016,4,15,4,50,12,2.06,126.98,108.7,5.6
5179208,2016,4,6,22,19,23,4.19,126.76,32.5,5
5179041,2016,4,5,8,29,39,4.21,126.63,29.7,5.9
5178406,2016,3,29,9,18,12,2.41,126.21,61.8,5.4
5177356,2016,3,16,13,9,54,4.68,125.04,15.2,5.6
5177352,2016,3,16,12,4,54,4.67,125.01,15.1,5.2
5177112,2016,3,13,15,20,23,1.19,126.4,34.9,5.1
5176512,2016,3,7,11,43,43,2.54,128.32,136.1,5.2
5176170,2016,3,3,16,23,8,3.96,126.19,113.2,5
5175715,2016,2,28,9,6,25,5.27,125.32,180.6,5.5
5175224,2016,2,23,20,47,38,1.13,127.46,12,5.1
5174588,2016,2,17,17,26,5,0.84,128.98,15.5,6.1
5173397,2016,2,4,16,13,8,1.61,126.11,22.1,5.1
5172758,2016,1,29,17,32,37,1.06,126.19,32.5,5
5172306,2016,1,25,9,17,49,3.47,128.25,24.3,5.4
5171663,2016,1,19,22,4,5,1.62,127.14,165.9,4.9
5171569,2016,1,18,19,21,51,-0.27,129.42,16.8,5.2
5170889,2016,1,11,16,38,11,3.84,127.05,12,6.5
5168402,2015,12,16,22,1,36,3.6,127.53,20,5
5168051,2015,12,13,1,47,8,3.56,127.53,19.8,5.4
5166755,2015,12,1,12,14,24,1.09,127.45,12,5.1
5166546,2015,11,28,22,32,49,3.98,127.11,13.6,5.1
5166519,2015,11,28,13,39,21,3.84,127.13,101.7,5.5
5166318,2015,11,25,18,57,44,1.51,126.38,35.9,5.7
5165823,2015,11,21,2,35,59,1.07,127.49,12.2,4.8
5165779,2015,11,20,14,50,43,1.11,127.48,12,5
5165731,2015,11,20,2,7,23,3.96,126.54,79.8,4.8
5165374,2015,11,17,12,51,11,1.61,126.55,34.8,5
5164865,2015,11,11,22,18,2,1.56,127.27,120.2,5
5164499,2015,11,7,22,53,58,1.79,126.59,45.9,5.1
5161900,2015,10,14,2,47,8,1.82,128.23,108.1,4.9
5161489,2015,10,9,16,28,26,0.06,123.97,105.1,5
5160797,2015,10,2,15,51,57,1.23,125.02,134.9,5.2
5160445,2015,9,29,17,50,16,1.68,128.57,35.4,4.8
5160144,2015,9,26,17,23,27,5.24,123.68,523.2,5.5
5160021,2015,9,25,8,47,51,1.52,122.89,27.8,4.9
5159292,2015,9,19,0,48,37,3.92,127.06,37.3,4.9
5158956,2015,9,16,7,41,2,2.01,126.47,33,6.3
5158604,2015,9,13,1,13,14,0.12,123.58,146.5,5.5
5158570,2015,9,12,12,6,58,5.44,125.89,121.8,4.9
5158557,2015,9,12,9,49,27,-0.04,124.46,63.8,4.9
5157572,2015,9,3,13,24,1,2.2,126.56,44.1,5.5
5157372,2015,9,2,1,18,31,4.4,124.53,309.5,5.7
5157122,2015,8,31,8,12,52,2.76,127.74,23.4,4.9
5156068,2015,8,20,11,0,11,0.63,126.5,71.7,5.8
5155208,2015,8,11,16,46,15,1.91,126.37,31.3,4.9
5155184,2015,8,11,10,34,29,0.14,123.62,131.4,4.9
5153704,2015,7,26,15,23,0,2.51,126.27,54.8,4.8
5155895,2015,7,13,19,22,47,0.55,126.37,28.7,4.9
5150739,2015,7,12,4,37,34,3.04,128.03,127.4,5.6
5150014,2015,6,26,2,55,54,4.19,125.9,147,4.9
5149670,2015,6,18,1,45,48,2.9,128.51,221.8,5.2
5149570,2015,6,16,3,41,39,0.01,123.37,131.1,4.8
5149550,2015,6,15,21,4,25,4.1,125.95,137,5.8
5149486,2015,6,13,23,45,43,-0.28,124.46,41.5,4.9
5148981,2015,6,2,15,31,49,-0.1,122.9,159.3,4.9
5115102,2015,5,27,11,47,58,5.85,126.13,51.2,4.9
5114378,2015,5,20,17,20,47,2.02,126.26,34.1,5.5
5113463,2015,5,11,15,45,10,1.62,127.32,156.6,5.1
5113425,2015,5,11,4,1,29,1.9,126.41,33.3,4.9
5112713,2015,5,4,6,55,47,1.72,126.35,81.5,5
5111863,2015,4,25,16,41,18,3.18,127.97,140.8,5.5
5111547,2015,4,24,5,28,8,-0.14,124.28,49.1,5.3
5110122,2015,4,11,11,42,54,4.85,124.93,293.9,5.2
5110097,2015,4,11,5,0,45,2.21,126.52,36.5,5.6
5109942,2015,4,9,8,13,56,0.23,126.36,33.6,4.9
5109089,2015,4,1,2,9,10,0.88,124.15,214.1,5
5108888,2015,3,29,14,35,40,2.74,125.91,74.2,4.9
5108864,2015,3,29,7,50,57,1.79,126.56,36.4,5.7
5099738,2015,3,27,13,56,26,1.53,126.38,50.6,5.3
5076016,2015,3,24,14,50,31,2.2,126.61,35.8,5.3
5075921,2015,3,23,15,48,4,0.84,124.91,54,5
5075777,2015,3,21,19,46,30,3.6,127.45,27.3,5.2
5075735,2015,3,21,1,31,20,-0.28,123.26,74.2,4.7
5075592,2015,3,19,10,6,3,2,126.5,44.7,5.2
5075437,2015,3,17,22,12,32,1.78,126.48,41.9,6.3
5074583,2015,3,8,15,26,30,0.44,122.65,108.2,4.8
5015233,2015,3,5,4,31,6,2.21,128.41,220,5
5007216,2015,3,2,1,40,53,0.05,124.65,68.4,4.9
5007160,2015,3,1,7,1,57,4.84,125.82,105.9,5.3
5007151,2015,3,1,3,32,37,0.13,124.63,86.2,5.6
5006773,2015,2,25,3,2,42,1.82,126.33,31.9,5.3
5005891,2015,2,18,14,31,53,2.85,128.47,220.1,5.3
5005779,2015,2,17,2,15,3,0.64,126.12,33.1,5.5
5005090,2015,2,12,15,1,14,1.72,126.42,34.6,4.8
5004338,2015,2,4,17,41,44,-0.31,125.1,37.5,5.3
5003653,2015,1,29,2,48,56,1.8,126.31,32.4,5.1
5003232,2015,1,25,9,20,56,1.37,126.27,23,5.3
4909206,2015,1,21,5,20,27,5.85,125.25,66.8,5.5
4894714,2015,1,20,3,2,15,5.83,127.06,87.4,5.1
4894518,2015,1,17,16,7,42,0.53,125.21,65.8,4.9
4819882,2015,1,3,8,3,33,-0.02,123.92,127.2,4.8
4818783,2014,12,21,14,18,45,2.48,126.42,31.6,5.4
4818779,2014,12,21,13,40,46,2.24,126.4,34.5,5.5
4818775,2014,12,21,11,34,18,2.29,126.51,33.4,6.4
4817433,2014,12,9,3,9,26,1.67,126.22,27.9,5.7
4817346,2014,12,8,7,35,56,2.04,126.2,31,5.3
4817330,2014,12,8,1,28,18,1.77,126.97,106.2,4.9
4817111,2014,12,5,15,39,6,2.14,126.47,35.1,5.3
4816736,2014,12,1,16,37,2,1.87,126.19,33.9,4.8
4816707,2014,12,1,11,6,35,5.44,126.72,44.4,5.1
4816561,2014,11,29,19,40,15,2.51,126.99,27.4,5.8
4816480,2014,11,28,19,29,33,2.02,126.55,32.3,5
4816321,2014,11,26,22,5,44,2.2,126.6,32.3,5
4816293,2014,11,26,14,33,50,2.11,126.44,35.2,6.8
4816149,2014,11,25,16,29,54,2.52,127.04,14,5.2
4815816,2014,11,21,10,10,25,2.6,127.08,30.1,6.5
4815528,2014,11,21,0,50,53,1.94,126.33,59.2,4.9
4815438,2014,11,20,8,35,31,1.16,127.98,26,4.9
4815197,2014,11,18,12,43,25,1.71,126.29,33,5
4815190,2014,11,18,8,30,30,2.1,126.62,30.8,5.1
4815173,2014,11,18,4,47,21,1.79,126.37,30.8,5.8
4814874,2014,11,15,11,12,7,1.95,126.26,34.2,5.5
4814872,2014,11,15,9,48,1,1.96,126.38,33.9,5.5
4814841,2014,11,15,3,8,5,-0.23,123.99,85.8,5.9
4814839,2014,11,15,2,31,49,1.98,126.37,38.1,7.1
4814135,2014,11,8,12,42,43,5.04,126.14,95.2,4.8
4813538,2014,11,4,4,19,12,0.15,123.84,120.8,4.9
4812396,2014,10,24,2,23,49,1.61,126.45,36.5,5.1
4812312,2014,10,23,9,50,17,5.7,125.9,112.3,5
4812299,2014,10,23,6,59,20,1.84,127.37,88.2,4.8
4811668,2014,10,16,17,8,19,5.5,126.49,29.7,4.9
4811078,2014,10,10,12,58,18,4.58,126.34,87.9,5
4810508,2014,10,4,21,18,11,1.56,126.43,31,5
4809660,2014,9,26,18,29,12,4.07,126.48,53.4,5.1
4808818,2014,9,19,2,57,35,4.85,126.46,68.9,5
4807614,2014,9,10,7,30,53,-0.31,125.08,33.8,5.1
4807602,2014,9,10,5,16,56,-0.33,125.12,26.5,5.9
4807594,2014,9,10,2,46,11,-0.36,125.06,29.2,6.3
4807358,2014,9,7,15,55,51,4.59,127.83,33,5
4808241,2014,9,1,17,2,40,2.32,126.82,92.1,4.7
4768000,2014,8,21,12,27,44,3.03,125.71,130.5,4.9
4767528,2014,8,19,17,12,20,5.54,126.49,32,5.1
4766135,2014,8,10,13,33,24,5.81,127.12,83.6,5.5
4765965,2014,8,8,14,3,47,5.01,127.41,129.8,5.1
4765780,2014,8,7,5,24,55,4.49,126.45,64.3,5.1
4765298,2014,8,3,13,43,28,5.54,126.83,29.8,4.9
4724879,2014,7,14,8,0,3,5.64,126.55,28.6,6.2
4723684,2014,7,2,7,24,24,-0.12,124.9,60.7,5.2
4723148,2014,6,26,11,28,23,0.04,123.57,138.5,5.2
4722778,2014,6,22,16,34,57,3.34,128.07,45,5.1
4722716,2014,6,21,21,51,51,-0.03,122.99,122.6,5.4
4647585,2014,6,17,19,56,24,1.65,125.58,98.1,5
4641601,2014,6,12,4,33,35,0.4,129.83,15,5.2
4641066,2014,6,6,21,42,32,2.09,128.56,45.2,5.1
4640540,2014,6,1,19,1,55,3.08,125.83,121.2,4.9
4640183,2014,5,29,1,16,51,-0.3,125.18,32,5.2
4639897,2014,5,25,18,50,54,5.78,126.01,133.9,4.9
4601586,2014,5,11,13,30,30,5.6,126.6,53.3,5.2
4601373,2014,5,9,5,44,27,5.74,125.66,127.7,5.5
4600907,2014,5,4,8,53,56,4.39,126.78,97.1,5.2
4600711,2014,5,2,0,21,26,1.58,126.42,25.9,4.8
4598941,2014,4,17,4,38,20,4.55,122.82,575,5.8
4498584,2014,3,26,20,47,52,1.86,127.61,140.6,5.5
4489692,2014,3,26,11,11,16,1.7,126.26,25.8,4.9
4489209,2014,3,22,20,46,50,3.71,127.16,24,5.3
4488994,2014,3,19,6,25,2,0.28,129.87,15.1,5
4488912,2014,3,17,12,26,1,5.14,126.77,39.4,5
4417642,2014,3,8,18,56,59,0.21,126.43,27.8,5
4384650,2014,3,6,0,23,20,-0.17,122.8,143.3,4.9
4374892,2014,3,2,8,50,4,0.35,126.14,24.4,5.1
4374674,2014,2,24,21,56,5,0.65,126.11,33.7,5.4
4373862,2014,2,18,3,34,10,1.93,122.97,16.7,5.3
4373801,2014,2,16,12,0,24,4.87,126.15,140.5,4.9
4371544,2014,1,16,4,48,57,1.48,126.38,28.8,5
4371384,2014,1,12,13,7,51,5.85,125.63,138.1,5.3
4371078,2014,1,5,11,44,11,3.35,128.27,24,4.9
4526350,2013,12,30,18,20,4,0.08,124.09,84.1,4.9
4370817,2013,12,29,15,37,40,1.41,126.33,28.6,5.8
4370815,2013,12,29,14,53,27,1.34,126.35,30,5
4370608,2013,12,24,9,57,2,3.52,127.18,21.1,4.9
4370440,2013,12,20,18,46,40,0.38,125.62,55.4,5.1
4525229,2013,12,19,4,13,54,3.67,127.31,19.7,5
4370325,2013,12,17,22,43,13,3.57,127.21,16.7,5.1
4369671,2013,12,9,8,47,27,2.8,128.38,37.3,5.4
4369635,2013,12,6,23,54,4,1.01,127.31,20.5,4.9
4369023,2013,12,4,17,43,26,-0.04,123.62,138.6,5.1
4369004,2013,12,4,0,48,7,2.71,128.22,18.9,4.9
4368999,2013,12,3,15,36,47,3.85,126.58,25,5.3
4369017,2013,12,3,15,31,45,2.68,128.2,19.3,5
4368844,2013,11,22,5,37,18,-0.07,122.93,87.2,5.3
4368797,2013,11,19,13,32,55,2.79,128.34,37.6,6.1
4368615,2013,11,11,14,0,14,2.01,126.42,35.3,5.1
4368523,2013,11,3,11,3,42,4.76,123.28,543.1,6
4368437,2013,10,29,15,45,29,4.29,126.17,100.4,5.3
4347368,2013,10,22,20,53,58,5.24,125.59,42.5,5
4310207,2013,10,4,12,44,14,1.9,128.41,70.2,5.1
4309833,2013,9,20,17,1,3,1.48,126.89,88.1,4.9
4309831,2013,9,20,15,8,45,2.25,126.98,78.3,5.1
4225090,2013,9,3,23,46,56,5.39,125.7,136.2,5.2
4224118,2013,8,17,21,8,8,2.99,128.48,211.9,5.1
4223905,2013,8,15,4,5,55,0,123.26,151.1,5.3
4222770,2013,7,31,0,36,58,1.54,126.27,33.7,5
4222339,2013,7,23,2,19,50,2.64,125.74,150.2,4.9
4222337,2013,7,23,1,46,35,4.69,126.75,55.4,4.8
4220729,2013,6,27,8,38,11,1.1,127.06,139.6,5.8
4220726,2013,6,26,22,59,2,-0.33,125.04,34.8,5.5
4222487,2013,6,19,19,33,4,2.83,128.46,214,5.1
4218027,2013,5,13,23,10,49,2.8,125.42,166.6,4.9
4217997,2013,5,13,0,0,28,0.65,125.15,61,4.9
4217563,2013,5,9,17,45,12,4.41,123.75,447.8,5.3
4217529,2013,5,9,13,56,43,1.33,128.03,117.7,4.9
4215570,2013,4,18,13,3,16,3.72,126.8,25.4,5.1
4215444,2013,4,16,3,48,46,1.08,125.16,109.5,5.1
4215382,2013,4,14,5,11,35,1.64,126.29,30.4,5.3
4215290,2013,4,12,10,34,10,4.49,127.69,107.2,5.2
4213126,2013,3,10,4,8,9,-0.21,125.77,39.7,5
4212447,2013,3,2,0,11,6,5.52,127.05,64.6,5.2
4211642,2013,2,16,4,37,40,5.77,125.95,106.7,6.2
3800287,2013,1,6,11,8,33,1.09,127.43,157.8,5
3741353,2012,12,30,11,33,42,1.59,126.37,52.9,5.3
3741273,2012,12,28,17,32,20,-0.16,122.99,107.1,5.5
3741032,2012,12,25,7,34,44,1.02,125.61,67,5.2
3741024,2012,12,24,12,58,23,4.2,126.66,27,5.1
3740967,2012,12,23,12,52,22,4.33,126.77,25.8,5
3740825,2012,12,20,21,47,31,0.4,126.4,26,5.4
3650568,2012,12,11,6,18,31,0.65,126.2,31.4,6
3650438,2012,12,8,8,11,57,2.65,128.34,153.5,4.9
3649559,2012,11,23,0,40,24,1.73,125.87,81.7,4.9
3649422,2012,11,20,15,28,5,0.83,125.96,31.4,4.9
3561079,2012,11,5,0,55,36,4.64,125.01,15,5.3
3561078,2012,11,5,0,30,1,-0.27,125.19,37.2,5.3
3561076,2012,11,4,23,46,36,4.59,124.99,15,5.4
3560946,2012,11,2,14,2,49,4.5,125.74,173.2,5
3533845,2012,10,29,15,29,53,-0.34,125.36,36.5,5.7
3480694,2012,10,17,4,42,32,4.26,124.49,333.1,6
3471425,2012,10,14,3,42,23,4.61,125.02,22.3,4.9
3443459,2012,10,11,5,47,11,4.53,125.92,184.1,4.9
3605008,2012,10,5,15,44,6,-0.03,123.68,80.4,4.8
3550273,2012,10,4,17,3,12,5.66,126.11,89.8,4.8
3381055,2012,9,24,0,28,2,5.67,126.54,68.8,5
3380754,2012,9,18,8,5,38,4.6,126.6,19.2,4.9
3380581,2012,9,18,1,46,49,1.54,125.92,77.6,5.1
3380181,2012,9,10,11,23,30,3.98,126.23,45.8,4.9
3380067,2012,9,8,16,27,41,2.6,126.79,34.2,5.1
3379949,2012,9,7,12,30,32,2.59,128.23,157.4,5.1
3378138,2012,8,29,9,49,13,3.52,122.93,556.6,5.3
3378095,2012,8,27,17,54,27,3.68,127.09,18.6,5.2
3378034,2012,8,26,15,5,40,2.16,126.81,91.2,6.6
3377744,2012,8,18,15,31,45,2.75,128.73,13.2,5.8
3377343,2012,8,10,2,19,22,1.44,126.95,67.8,5
3372815,2012,8,6,18,55,13,2.82,128.41,203.7,5.2
3379854,2012,7,25,19,15,36,-0.12,124.38,61.5,4.8
3344143,2012,7,20,20,24,19,3.39,125.97,83.2,4.8
3343577,2012,7,9,12,25,47,-0.15,122.8,77.2,5.1
3343411,2012,7,5,8,14,19,5.1,126.71,35.8,5.2
3342521,2012,6,21,11,40,33,2.83,128.27,92.1,5.1
3342508,2012,6,20,21,55,54,0.09,123.52,143.3,5.1
3341453,2012,6,18,12,50,41,2.1,129.32,23.8,4.9
3341322,2012,6,15,1,14,10,5.66,126.68,43.2,5.7
3341320,2012,6,14,20,17,27,1.35,126.9,76.2,5.5
3341130,2012,6,10,9,36,36,2.91,125.5,145.1,5
3340941,2012,6,7,1,10,32,1.66,126.41,40.3,5.1
3340051,2012,5,22,2,38,51,2.71,126.48,34.7,5.1
3339865,2012,5,19,5,10,41,0.22,125.48,34.1,4.9
3339566,2012,5,14,19,28,49,1.36,126.34,35,4.8
3339416,2012,5,13,4,46,4,-0.12,122.95,54.9,5.2
3339371,2012,5,12,13,23,17,2.31,126.07,41.1,5.2
3339304,2012,5,10,19,11,28,1.42,126.32,33.1,5.1
3339023,2012,5,5,18,43,19,5.72,126.58,108.6,4.8
3338253,2012,4,23,21,21,46,0.18,125.54,50.5,5.7
3338068,2012,4,19,17,23,41,1.23,126.36,29.1,5.2
3336560,2012,3,22,0,21,33,3.43,125.89,66.7,5.6
3335466,2012,3,3,9,24,15,2.89,126.05,98.2,4.9
3335056,2012,2,24,19,12,23,1.61,126.4,32.4,5.2
3334716,2012,2,18,22,58,51,2.83,126.81,47.4,4.9
3333306,2012,1,20,22,50,52,4.87,125.23,33.8,5.4
3333050,2012,1,16,10,26,48,-0.05,125.24,73.6,5.1
3333047,2012,1,16,8,26,17,0.01,123.15,161.4,5
3332606,2012,1,7,7,31,44,1.8,127.46,130.4,5.4
3332355,2012,1,1,21,7,26,2.34,128.15,54.2,4.9
3332166,2011,12,28,17,33,54,1.75,127.67,152.8,5.2
3331279,2011,12,13,7,52,12,0.01,123.14,164.4,6.1
3331275,2011,12,13,1,20,48,3.05,128.17,125.4,5.2
3330987,2011,12,6,15,4,24,1.68,127.13,146.4,5
3330510,2011,11,27,19,59,45,2.2,126.96,47.6,5
3324774,2011,11,1,1,3,54,0.03,123.4,147,5.3
3323136,2011,10,2,14,57,3,1.47,126.21,49.3,5.2
3322031,2011,9,12,7,30,35,5.19,127.51,117.3,4.9
3321495,2011,9,2,20,19,2,2.93,128.63,232.8,5.2
3319476,2011,8,3,6,11,34,4.2,125.74,121.4,5
3319240,2011,8,1,13,38,26,3.04,126.6,46.1,5.1
3317337,2011,7,8,5,22,41,0.11,123.36,156.8,5.4
3316676,2011,6,28,9,50,2,4.76,125.14,12,5.3
3314962,2011,6,13,14,31,26,2.74,126.35,81.9,6.4
3288640,2011,5,28,20,17,12,4.81,127.56,75.3,5.5
3288517,2011,5,27,5,39,29,1.54,124.01,267.9,5.1
3287345,2011,5,11,7,54,31,1.7,126.74,83.1,5.1
3286998,2011,5,10,14,32,37,1.63,126.28,18.2,5.2
3286577,2011,5,9,19,13,28,5.33,126.68,31.9,5.7
3286464,2011,5,8,15,51,38,1.18,125.28,58.9,5.1
3286291,2011,5,6,6,46,24,-0.05,122.89,91.9,5.5
3286198,2011,5,5,8,45,26,-0.22,124.54,41.1,5
3282633,2011,4,6,23,49,42,3,127.16,28.1,5
3282430,2011,4,5,17,53,50,2.87,127.11,19.4,5
3282416,2011,4,5,11,14,18,3.06,127.24,15,5.8
3282421,2011,4,5,7,46,22,3.11,127.14,13.5,5.6
3278947,2011,3,3,12,52,10,4.88,126.66,62.7,5.4
3277878,2011,2,12,11,55,27,2.11,126.89,24.4,5.8
3277780,2011,2,10,14,42,1,4.22,123.28,517.6,6.5
3277775,2011,2,10,14,39,30,4.14,122.91,520.9,6.5
3277098,2011,1,30,16,41,22,0.53,128.67,17.5,5
3276277,2011,1,21,8,11,7,1.69,127.18,89.7,4.9
3275882,2011,1,12,1,45,26,3.8,126.66,15,5.3
3275791,2011,1,10,8,35,34,1.06,123.27,34.7,4.9
3275247,2011,1,8,4,10,57,-0.15,125.04,45.2,5.6
3203647,2010,11,27,20,48,39,4.01,127.72,112.1,5.2
3202774,2010,11,27,18,11,15,3.98,127.94,70.8,5.6
3181386,2010,11,11,3,34,9,1.51,126.44,31.2,5.2
3181166,2010,11,10,3,9,29,0.62,126.17,36.5,5.3
3180830,2010,11,3,14,10,30,2.81,126.12,54.3,5.3
3180594,2010,10,25,12,5,31,-0.25,125.32,37.5,5.8
2880282,2010,10,8,5,43,12,2.83,128.1,136.2,6.2
2880052,2010,9,26,5,33,32,5.71,126.35,124.5,5
2879783,2010,9,14,13,8,57,5.63,124.7,21.5,5
2879781,2010,9,14,7,33,28,5.58,124.58,25.3,5.3
2879744,2010,9,12,16,35,56,5.55,124.6,20.9,5.1
2878967,2010,8,25,16,46,34,2.83,128.64,237.4,5
2878937,2010,8,25,6,25,16,0.33,124.02,192,5
2877550,2010,8,3,12,8,30,1.4,126.4,40.8,6.3
2877263,2010,7,30,11,39,57,2.28,126.47,33.4,5.5
2876579,2010,7,22,22,26,50,1.63,126.88,77.1,5.3
2876363,2010,7,21,9,16,8,3.08,128.09,121.6,6.1
2874579,2010,6,27,23,47,33,5.3,127.02,52,5.3
2873908,2010,6,13,22,22,56,3.77,126.66,35.9,5
2873698,2010,6,9,8,57,41,1.97,127.13,112.8,5.4
2873561,2010,6,5,17,43,19,1.65,127.38,150.1,5.1
2851204,2010,6,2,1,1,52,4.19,126.72,31.2,4.9
2850458,2010,5,16,0,33,10,0.48,124.7,133.8,5.8
2850069,2010,5,7,7,39,27,3.68,127.94,114.6,5.5
2849100,2010,4,17,10,2,26,3.82,126.61,23.6,5.3
2849093,2010,4,17,7,23,1,3.9,126.71,33.9,5.4
2848068,2010,4,5,14,40,17,-0.29,125.17,37.4,5
2848016,2010,4,5,10,5,50,-0.25,125.07,28.4,6.1
2844955,2010,2,26,16,18,56,5.79,125.51,31.1,5
2844360,2010,2,10,20,46,47,1.19,126.33,39.8,5.4
2843941,2010,1,30,15,59,50,2.52,126.7,32.8,5.4
2843864,2010,1,28,9,55,24,3.07,126.7,48.6,5.3
2843006,2010,1,10,8,9,45,0.06,123.4,165.9,5
2842479,2009,12,28,10,18,10,3.96,126.85,21.8,5.2
3319272,2009,12,8,15,43,35,1.28,126.12,32.9,5
2841748,2009,12,5,16,43,12,0.65,126.09,32.4,5.1
2841622,2009,12,1,16,11,12,5.1,127.38,121.1,5.2
2841561,2009,11,29,20,9,13,5.39,126.6,35.5,5.7
2841549,2009,11,29,12,29,38,0.59,126.03,32.5,5.5
2841522,2009,11,29,2,28,6,5.37,126.53,31.5,5.4
2841519,2009,11,29,0,31,38,3.16,127.51,27.3,5
2841506,2009,11,28,18,10,24,5.39,126.54,24.8,6.1
2841421,2009,11,26,15,12,48,4.21,126.66,28.2,5
2841138,2009,11,19,1,14,42,3.07,128.21,26.4,5.4
2841067,2009,11,17,0,39,10,5.86,127.13,100.1,5.2
2840423,2009,10,29,5,21,22,1.36,126.31,30,5.2
2839713,2009,10,13,11,38,10,3.09,128.05,38.5,6
2839291,2009,10,7,21,41,19,4.11,122.51,579.5,6.8
2838660,2009,9,27,15,16,51,2.76,125.96,87.6,5.4
2838365,2009,9,18,18,34,26,1.76,127.12,117.2,5.8
2838316,2009,9,17,4,52,27,1.67,128.34,99.3,5.1
2838078,2009,9,9,8,6,34,2.51,126,107.7,5.7
2837998,2009,9,7,3,58,9,3.11,127.55,28.1,5
2837757,2009,8,30,22,3,11,2.26,128.54,53.7,5.1
2873485,2009,8,26,23,27,54,0.14,123.63,133.1,5.2
2873346,2009,8,23,11,44,34,2.94,126.99,45.3,5.5
2873237,2009,8,20,12,12,47,3.99,126.61,20,5.3
2873109,2009,8,18,1,31,12,1.91,127.31,105.8,5.3
2872964,2009,8,15,16,28,16,4.89,127.61,113.2,5
2872955,2009,8,15,12,30,12,0.13,123.62,146.1,5.3
2871939,2009,7,20,15,19,52,2.38,127.05,25.4,5.4
2871826,2009,7,17,9,0,15,4.1,125.77,130.1,5
2871820,2009,7,17,7,11,52,2.44,126.98,22.5,5.4
2871796,2009,7,16,23,51,59,5.02,126.55,20,5.6
2871544,2009,7,10,20,52,48,5.2,126.63,16.8,5.2
2871519,2009,7,10,3,48,7,0.26,123.54,245.9,5.3
2871264,2009,7,2,11,29,41,4.65,124.4,27.3,5.2
2871232,2009,7,1,21,10,48,1.13,125.92,29.8,5.8
2870564,2009,6,14,21,8,26,5.3,126.59,24.7,5.3
2870554,2009,6,14,18,24,24,5.18,126.34,24,5.1
2870534,2009,6,14,8,15,56,5.32,126.66,36,5.4
2870530,2009,6,14,5,58,48,5.32,126.6,36.7,6.1
2870018,2009,5,31,3,34,28,1.78,125.97,80.7,4.8
2869960,2009,5,29,19,51,19,5.86,125.96,146.9,5.7
2869958,2009,5,29,19,12,38,1.1,126.23,37.7,5.3
2869336,2009,5,13,8,54,57,4.48,126.95,24.7,5.7
2868810,2009,4,26,18,14,24,4.04,126.78,29.1,5.1
2868709,2009,4,23,12,16,20,4.48,126.94,26.1,5.5
2868566,2009,4,19,15,23,47,4.16,126.86,26.1,5.2
2868539,2009,4,19,5,23,29,4.14,126.87,25.1,6.1
2868207,2009,4,11,21,45,22,4.26,125.6,142.4,5.1
2867853,2009,4,4,5,31,59,5.21,127.2,57.3,6.2
2867725,2009,3,31,11,31,22,3.99,126.82,25.6,5.4
2867319,2009,3,20,19,16,58,5.66,127.59,27.3,5.3
2867206,2009,3,18,17,8,47,0.1,123.62,136.3,4.9
2867193,2009,3,18,9,3,13,3.79,126.82,23.5,5.5
2867121,2009,3,16,17,42,6,3.71,126.5,13,5.7
2867114,2009,3,16,14,16,4,3.77,126.68,20.5,6.3
2866620,2009,3,3,21,59,54,1.73,126.45,36.1,4.9
2866498,2009,2,28,12,24,10,3.92,126.63,35,5
2866494,2009,2,28,10,50,23,3.93,126.57,24.1,5.3
2866482,2009,2,28,2,46,58,4.08,126.78,21.6,4.9
2866481,2009,2,28,1,43,34,3.74,126.72,26.6,5.3
2866460,2009,2,27,15,53,38,3.78,126.68,28,4.9
2866433,2009,2,26,16,15,54,3.71,126.62,27,5
2866333,2009,2,23,17,34,3,3.79,126.78,22.7,5.3
2866302,2009,2,22,17,45,26,3.75,126.69,32.9,6
2866280,2009,2,22,3,52,50,3.99,126.85,25.4,5.2
2866158,2009,2,18,11,44,17,3.92,126.79,22.6,5.2
2866155,2009,2,18,10,26,8,3.73,126.69,30.6,5.2
2866019,2009,2,15,16,16,55,4.1,126.77,26.3,5
2865917,2009,2,14,5,30,13,4.23,126.9,28,5
2865896,2009,2,13,21,26,39,3.86,126.63,24.1,5.4
2865886,2009,2,13,16,49,16,3.63,127.03,15.5,5.3
2865879,2009,2,13,14,38,35,4.08,126.76,26.7,5
2865871,2009,2,13,12,37,53,3.92,126.88,20,5.6
2865868,2009,2,13,11,31,51,4.07,126.86,25.7,5
2865855,2009,2,13,7,56,8,3.81,126.7,21.6,5.2
2865847,2009,2,13,6,28,45,4.1,126.77,30.9,5
2865826,2009,2,13,3,28,58,4,127.08,27.7,5
2865788,2009,2,12,17,46,6,4.1,126.66,25,5.7
2865761,2009,2,12,13,15,11,4.08,126.73,28.8,6.2
2865751,2009,2,12,11,35,16,4.08,126.64,28.2,5.1
2865735,2009,2,12,8,30,20,4.1,126.88,25.5,6
2865731,2009,2,12,7,38,9,3.81,127.02,12,5.6
2865729,2009,2,12,7,7,40,4.15,126.71,29.5,5.2
2865719,2009,2,12,4,27,8,4.14,126.76,27.6,5.3
2865715,2009,2,12,3,49,43,4.08,126.69,24.5,6
3389182,2009,2,12,1,42,11,4,126.77,26.6,5.3
2865702,2009,2,12,1,25,32,4.11,126.93,22.1,5.6
2865672,2009,2,11,22,14,30,3.86,126.8,24.3,5.9
2865610,2009,2,11,18,25,14,4.06,126.88,26.2,6
2865593,2009,2,11,17,35,1,3.92,126.81,23.9,7.1
2865572,2009,2,11,4,17,32,-0.12,124.45,58.6,5
2865530,2009,2,9,19,41,12,1.82,127.24,116.6,4.9
2865519,2009,2,9,10,47,52,1.49,123.31,19.3,5.4
2865127,2009,1,28,19,51,59,2.54,128.4,226.9,5
2864975,2009,1,24,22,43,7,5.39,126.44,139.2,5.1
2864137,2009,1,7,3,43,8,1.84,127.27,105.6,5
2863708,2008,12,31,11,39,56,5.02,127.33,60.7,5.4
2863609,2008,12,30,3,20,55,5.37,125.8,137.1,5.1
2863226,2008,12,25,18,12,7,5.39,124.27,421.4,5.4
2863172,2008,12,25,3,20,30,5.74,125.66,198.3,6.3
2863039,2008,12,23,17,51,46,2.59,128.72,26.6,5.2
2862634,2008,12,19,8,6,14,1.46,126.74,72.6,5.2
2862562,2008,12,18,15,50,18,2.38,127.07,106,5.3
2862089,2008,12,11,21,40,54,0,123.64,134.9,5.9
2861883,2008,12,9,5,33,16,1.5,126.78,74.9,5.2
2860700,2008,11,21,4,55,53,0.26,123.89,128.7,4.9
2860507,2008,11,18,5,46,57,4.79,124.78,333.4,5.3
2858777,2008,10,29,22,17,0,4.23,126.69,24.5,5.2
2858753,2008,10,29,19,54,40,4.3,126.8,22.3,5.2
2858447,2008,10,26,9,8,37,-0.18,123.16,74.1,5.6
2856202,2008,9,30,4,5,21,3.87,126.77,28.7,5
2854916,2008,9,11,0,0,6,1.91,127.34,119.6,6.6
2854213,2008,9,1,17,19,12,4.59,126.17,113.9,5.6
2800971,2008,7,23,9,55,10,3.99,126.2,92.2,5.1
2757455,2008,7,9,9,13,0,3.67,127.08,25.3,5
2750410,2008,6,18,13,13,9,2.05,128.46,52.4,5.1
2691691,2008,6,10,7,44,36,5.27,126.68,32,5.4
2653747,2008,6,2,19,47,18,-0.06,123.43,144.4,5.3
2659918,2008,5,4,13,31,22,4.37,127.78,59.9,5
2777179,2008,4,28,4,27,15,3.11,127.46,23.2,4.9
2742546,2008,4,21,19,52,18,3.51,125.85,149.2,4.9
2721668,2008,4,17,13,30,10,5.37,127.42,54.8,4.9
2714458,2008,4,16,8,11,39,1,126.15,31.9,5.7
2646097,2008,4,1,2,37,12,1.81,126.41,64.1,5.3
2771090,2008,3,29,1,53,46,1.16,126.29,41.6,5.2
2766200,2008,3,28,1,35,18,1.99,128.43,58.8,5.1
2738661,2008,3,22,4,9,6,0.07,123.49,126.6,4.9
2730309,2008,3,20,12,15,44,1.6,127.28,120.8,5.1
2699297,2008,3,13,1,16,45,1.94,126.65,29.1,5.2
2679941,2008,3,8,0,38,30,2.09,127.02,60.7,5.2
2671922,2008,3,6,1,22,2,2.64,128.28,131.4,5.9
2707576,2008,2,17,9,38,23,1.72,126.52,37.3,5
2679831,2008,2,9,18,34,4,-0.33,125.37,32.4,6
2679267,2008,2,9,14,37,53,-0.3,124.5,45.7,5.1
2670359,2008,2,7,7,50,57,1.55,122.57,30.6,5.8
2666162,2008,2,6,5,12,32,2,127.09,95,5
2773914,2008,1,30,12,48,32,-0.27,125.35,42,5.5
2746416,2008,1,24,20,4,15,-0.01,124.2,87.3,5
2726564,2008,1,20,20,26,10,2.68,126.86,39.8,6.1
2691420,2008,1,12,10,13,23,4.29,127.04,23.8,5.3
2681230,2008,1,9,21,33,19,2.6,128.46,238.2,5.3
2559342,2007,12,12,16,17,10,3.12,126.7,35.6,4.9
2501472,2007,12,4,3,37,9,2.19,126.19,96.5,5.6
2500662,2007,12,4,0,5,5,1.72,126.86,62,5.1
2600915,2007,11,21,20,30,6,1.75,126.11,30.9,5.2
2574246,2007,11,15,20,30,30,5.25,126.56,24.2,5.3
2566297,2007,11,14,4,29,57,1.49,127.01,121.3,5.3
2511842,2007,11,5,14,8,45,2.07,126.7,36.1,5.4
2595842,2007,10,20,19,25,33,5.42,126.69,30.9,5.3
2563731,2007,10,13,1,7,9,1.49,126.18,28.9,5.1
2590105,2007,9,17,23,27,41,0.41,125.54,22.7,5.2
2588508,2007,9,17,14,31,49,5.6,126.09,103.4,5.1
2567254,2007,9,13,9,48,48,3.86,126.5,22.5,6.3
2550540,2007,9,11,1,56,3,4.83,127.5,57.2,5.4
2549627,2007,9,10,21,56,34,1.35,126.14,30,5
2481990,2007,9,1,15,26,32,2.37,127.28,58.3,5.3
2644950,2007,8,31,19,51,55,2.43,127.29,15.4,5.6
2638060,2007,8,27,21,0,20,2.86,127.42,16,5.1
2557672,2007,8,11,4,5,56,3.09,127.54,48,5.1
2493066,2007,8,2,18,2,10,2.45,127.4,15,5.6
2639343,2007,7,28,9,1,32,3.14,127.26,17.5,5.1
2631038,2007,7,26,5,40,24,2.95,127.47,41.9,6.9
2614428,2007,7,22,13,56,13,2.77,128.2,47.9,5.2
2568524,2007,7,13,20,2,48,1.22,126.33,37.6,5
2532134,2007,6,26,20,36,51,5.67,125.15,53.4,5.1
2463074,2007,6,16,1,18,49,1.34,126.56,31.7,5.7
2454620,2007,6,13,17,27,42,3.59,127.81,88.7,5.6
2550104,2007,5,29,20,12,41,0.01,122.89,172.8,5.5
2454932,2007,5,14,7,7,25,1.35,126.29,44.2,5.1
2435129,2007,5,9,5,42,20,1.76,127.97,20,4.9
2412724,2007,5,3,20,52,12,3.77,127.49,21.2,5
2410766,2007,5,3,11,27,27,1.63,126.43,15,5.6
2534195,2007,4,20,13,21,5,-0.26,124.69,44.1,5.1
2490496,2007,4,15,14,26,3,3.16,127.02,26.4,5
2488827,2007,4,15,10,42,18,1.32,126.26,31.3,5.3
2412259,2007,4,2,19,42,59,1.66,125.97,71.2,5.5
2554339,2007,3,31,19,37,20,1.56,122.63,26.4,5.6
2507925,2007,3,26,16,51,10,0.98,126.05,30.4,5.5
2456005,2007,3,17,17,42,32,1.3,126.37,40.9,6.2
2448062,2007,3,15,6,8,1,4.12,127,18.9,5.1
2441809,2007,3,13,5,57,20,4.25,126.9,28.1,5.1
2441780,2007,3,13,5,50,13,4.23,126.95,21.1,5.4
2441131,2007,3,13,1,3,3,1.31,126.19,33.8,5.3
2424067,2007,3,8,0,47,25,-0.03,126.93,57.3,5
2423917,2007,3,7,23,27,22,0.05,127.21,110.8,5
2410543,2007,3,3,20,8,33,0.06,126.9,22.5,5.9
2402828,2007,3,1,15,15,26,-0.33,124.6,43.4,5.4
2512332,2007,2,28,9,29,46,2.51,124.59,271.3,5.1
2461415,2007,2,19,11,13,6,5.55,126.58,34.3,5.4
2444931,2007,2,14,11,22,37,3.28,126.87,37.8,5
2442774,2007,2,13,19,22,15,-0.35,124.53,77.9,5.4
2438594,2007,2,12,12,45,36,5.58,126.61,32,6.1
2436603,2007,2,11,21,3,0,5.49,126.59,34,5
2429575,2007,2,9,17,58,55,0.82,126.14,18.6,4.9
2402241,2007,2,1,12,45,31,0.92,126.18,18,4.9
2401943,2007,2,1,10,43,34,1.3,126.34,39.5,5.4
2545784,2007,1,30,1,48,41,1.64,125.95,15,5.4
2535767,2007,1,28,12,9,14,1.02,126.52,21,5.8
2534178,2007,1,28,5,7,3,1.31,126.88,21.3,5.5
2528681,2007,1,27,10,21,54,1.4,126.14,23.3,5.6
2527900,2007,1,27,7,1,28,1.27,126.9,23.6,5.5
2526143,2007,1,27,1,19,31,1.24,126.9,31.8,5
2507074,2007,1,24,9,34,38,1.42,126.28,28.1,5.4
2506581,2007,1,24,8,40,35,1.18,125.82,13.3,5.6
2500352,2007,1,23,11,44,49,1.39,126.28,28.7,5.5
2494571,2007,1,22,18,14,51,1.28,126.46,28,5.2
2493972,2007,1,22,16,44,58,0.45,126.41,28.3,5.3
2487866,2007,1,22,1,6,46,1.01,126.49,24.2,5.2
2487416,2007,1,22,0,22,59,1.14,126.05,37.8,5.4
2487199,2007,1,21,23,45,17,1.21,126.33,33.6,5.4
2486420,2007,1,21,22,21,17,1.1,126.39,14,5.1
2485808,2007,1,21,21,3,9,1.28,126.2,30.9,5.3
2483281,2007,1,21,17,33,1,1.17,126.49,24,6.2
2479108,2007,1,21,11,28,1,1.1,126.21,22.2,7.5
2461910,2007,1,16,18,6,21,2.79,126.32,47.8,5.6
2458499,2007,1,15,20,59,44,5.61,126.59,23.1,5.1
2422035,2007,1,6,20,55,7,0.11,123.84,114.8,5.1
2383180,2006,12,26,22,56,37,3.03,125.88,101.4,5.4
2368403,2006,12,22,11,6,8,3.3,125.59,183.7,5.5
2334949,2006,12,12,15,48,6,3.83,125.1,215.3,6.3
2288661,2006,12,5,3,48,16,2.69,126.83,22.3,5.1
2399564,2006,11,29,1,32,21,2.7,128.33,35.5,6.2
2399546,2006,11,29,0,48,1,5.87,124.16,21.3,5.1
2369606,2006,11,19,10,28,7,0.18,123.92,110.5,4.9
2342303,2006,11,15,3,52,25,4.94,127.44,67.5,5.3
2393464,2006,10,30,11,16,1,2.49,126.9,29.5,5.4
2393097,2006,10,30,8,27,45,2.54,126.89,29.4,5.5
2392990,2006,10,30,7,38,44,2.57,126.78,32.4,5.4
2390662,2006,10,29,10,4,20,4,126.79,18.9,5.2
2372695,2006,10,24,3,3,52,5.04,125.34,12.4,5.9
2370094,2006,10,23,7,27,36,4.99,125.34,12,5.1
2369870,2006,10,23,5,15,57,4.93,125.28,18.2,5.2
2369425,2006,10,23,1,40,21,4.95,125.22,17.8,5.3
2369214,2006,10,23,0,19,25,4.97,125.33,12.1,5.7
2364922,2006,10,21,21,20,8,3.7,126.07,105.8,5.1
2285679,2006,10,4,8,4,35,4.29,126.84,28.5,4.9
2284831,2006,10,4,4,24,32,4.25,126.74,28,4.9
2284673,2006,10,4,3,53,41,4.23,126.73,28.5,5.4
2387245,2006,9,30,15,27,19,2.98,128.49,218.9,5.1
2369241,2006,9,25,2,43,42,-0.24,125.04,35.1,5.7
2390178,2006,8,28,19,26,58,1.57,122.91,18.9,5.1
2299549,2006,8,6,4,12,36,1.95,126.47,35.6,5.1
2353018,2006,7,18,3,27,55,-0.28,125.35,35.4,5.5
2267133,2006,7,1,23,15,11,1.02,126.87,41.1,5.5
2230372,2006,6,15,4,28,7,1.64,126.45,32.2,5.6
2205882,2006,6,7,18,23,46,3.49,122.56,571.1,5.3
2199152,2006,6,5,18,56,32,1.6,125.23,166.8,5.2
2296719,2006,5,26,4,34,50,0.15,122.56,285.6,5.3
2266123,2006,5,22,5,5,55,5.78,126.43,112.3,5
2253865,2006,5,19,14,44,29,-0.24,124.92,31.4,6.3
2227189,2006,5,12,20,15,15,3.79,126.8,70.5,4.9
2330406,2006,4,29,0,56,49,1.16,127.38,28.6,5
2301623,2006,4,24,13,55,36,-0.36,125.42,52.1,5
2238104,2006,4,16,17,46,18,4.54,125.7,186.7,5.7
2217611,2006,4,11,6,33,59,3.04,128.09,39.1,4.9
2185835,2006,4,1,21,44,31,3.9,126.69,20,5.6
2333302,2006,3,31,21,14,50,4.07,126.57,50.5,6.1
2248166,2006,3,18,11,14,53,4.62,126.5,74.1,4.9
2244855,2006,3,17,12,26,16,3.91,128.38,29,4.7
2205486,2006,3,7,4,53,33,3.54,128.05,116,5.1
2272177,2006,2,24,0,34,1,4.19,128.34,26.5,4.8
2233642,2006,2,15,19,1,49,0,124.54,61.6,4.8
2218656,2006,2,11,4,57,52,3.8,126.65,35,5.1
2196604,2006,2,4,23,1,46,1.77,125.65,16.2,5.3
2274807,2006,1,26,22,15,9,0,127.46,125.6,4.8
2245552,2006,1,20,7,0,59,0.12,124.13,113.6,4.8
2191927,2006,1,3,17,58,34,4.67,125.63,178.5,4.9
2149029,2005,12,25,16,28,50,2.41,128.26,149.4,4.9
2134817,2005,12,21,7,9,12,-0.2,124.95,31,6.3
2121783,2005,12,17,8,58,59,2,126.39,52.7,4.8
2154566,2005,11,25,5,31,20,5.87,126.33,45.9,5.8
2179769,2005,10,29,1,17,30,2.56,127.27,21.3,5.1
2179760,2005,10,29,1,9,53,2.57,127.4,20.6,5.1
2066916,2005,10,7,6,45,18,2.19,126.67,30.7,5.3
2156649,2005,9,25,0,8,42,1.71,126.56,51.8,5.4
2068853,2005,9,8,4,10,12,0.86,126.22,38,5.7
2048881,2005,9,4,23,58,37,3.05,123.32,454.4,6
2021891,2005,9,1,9,56,12,2.68,128.17,14.6,4.7
2171499,2005,8,27,10,58,0,5.69,126.04,161.5,5.4
2167458,2005,8,26,5,30,43,1.74,126.23,37.4,5.1
2162484,2005,8,24,20,32,56,2.65,126.85,36.2,4.8
2142871,2005,8,19,15,48,19,2.75,128.02,25,5.4
2128650,2005,8,16,13,8,1,2.94,126.43,31.8,5
2128047,2005,8,16,10,39,23,2.82,126.69,31.4,5.2
2037043,2005,8,3,10,41,21,3.13,128.11,81.4,5.9
2027156,2005,8,2,3,51,37,1.62,127,123.4,4.7
2178857,2005,7,31,22,6,57,-0.13,123.85,120.7,5.1
2153060,2005,7,24,9,10,42,2.73,126.68,29.4,5
2132059,2005,7,18,19,37,26,-0.15,125.19,17,5.8
2085788,2005,7,10,10,18,18,2.64,126.45,31.4,4.9
2081036,2005,7,9,15,18,23,1.83,127.47,127.7,4.7
2079971,2005,7,9,12,3,10,2.97,126.56,26.1,5.3
2079649,2005,7,9,11,19,56,2.9,126.52,25.4,5.4
2079240,2005,7,9,10,7,8,2.97,126.51,25.5,5.9
2077156,2005,7,9,1,47,41,1.65,127.35,117.2,4.8
2070722,2005,7,8,4,30,4,2.48,126.72,38.2,4.9
2071660,2005,6,26,8,23,4,1.86,125.9,88,5.7
2011830,2005,6,18,19,58,13,4.02,128.03,44.4,4.8
1988070,2005,6,13,7,2,42,2.26,126.58,41,5.9
1970742,2005,6,9,3,45,14,5.31,126.99,49.8,5.2
2076854,2005,5,25,18,44,31,0.21,126.55,111.2,4.8
2086997,2005,4,25,17,5,31,1.15,126.41,31.3,5.3
2061255,2005,4,22,7,41,28,4.86,126.4,71.1,5.4
1974432,2005,4,8,17,5,31,2.98,126.71,45.3,5.3
1969740,2005,4,7,19,43,16,3.04,126.73,51,5.9
2114970,2005,3,30,16,38,19,1.06,125.66,53,5.3
2041831,2005,3,22,21,38,1,2.43,126.33,105.9,4.8
2030928,2005,3,21,22,33,0,0.48,126.14,32.7,5.1
1999222,2005,3,16,22,51,5,0.16,123.83,138.1,5
1979633,2005,3,11,17,1,16,1,126.37,12,5.1
1956116,2005,3,6,2,49,18,3.28,128.3,18.6,5.2
1948808,2005,3,5,0,39,32,2.51,126.25,83.6,4.8
1947947,2005,3,4,19,5,20,2.84,126.5,26.5,5.8
1997465,2005,2,17,16,42,50,1.08,125.96,31.8,5.2
1989930,2005,2,15,14,42,32,4.8,126.66,56.8,6.5
1954148,2005,2,5,23,38,7,0.14,123.65,135.8,5.1
1952015,2005,2,5,12,23,23,5.47,123.67,530.6,7.1
2015491,2005,1,21,17,54,36,5.14,125.49,178.7,5.8
2011351,2005,1,20,16,47,5,3.79,127.01,14.9,5.2
1989238,2005,1,15,5,0,33,-0.12,123.66,123.8,5.3
1952939,2005,1,6,1,4,27,1.43,125.87,27,5.5
1951501,2005,1,5,18,12,58,2.1,125.73,29.1,4.8
1940634,2005,1,2,18,23,26,2.39,126.66,16,5.2
1909988,2004,12,24,22,50,45,0.35,124.1,116.5,4.9
1891550,2004,12,21,19,46,45,1.71,127.35,145.9,5.3
1886613,2004,12,20,20,24,27,-0.33,125.1,30.2,5.1
1863311,2004,12,17,2,50,23,-0.1,123.28,154.1,5.3
1898570,2004,11,24,11,55,33,3.3,128,41.9,5.1
1874291,2004,11,20,19,39,56,2.61,128.4,93.6,4.6
1809112,2004,11,9,18,51,34,0.84,122.52,80,4.8
1787944,2004,11,6,22,20,43,2.69,128.26,57,5
1810356,2004,10,11,6,37,17,5.37,126.59,27,5.8
1781634,2004,10,5,17,30,48,3.92,128.43,16,5.2
1777965,2004,10,5,1,22,56,3.7,128.71,17.4,5
1773504,2004,10,4,6,47,29,3.63,128.63,13.1,5.2
1772180,2004,10,4,0,10,9,5.63,126.68,38.2,4.8
1756611,2004,10,1,12,0,47,3.57,128.47,28,4.8
1755855,2004,10,1,9,50,34,3.56,128.47,20.5,4.9
1755792,2004,10,1,9,40,32,3.73,128.37,20,5.6
1896492,2004,9,25,2,14,15,-0.12,123.14,110.5,5
1882838,2004,9,22,15,53,9,3.59,126.9,57.2,4.9
1756381,2004,9,1,13,18,51,0.16,123.78,124.1,5.3
1920546,2004,7,30,7,37,49,3.91,126.98,27,5.3
1914248,2004,7,29,4,5,24,2.9,124.99,278.6,4.9
1836331,2004,7,15,16,19,11,-0.19,126.63,20.8,4.9
1763961,2004,7,2,23,7,32,1.41,126.21,23.6,4.8
1922512,2004,6,30,23,37,28,0.79,124.95,101.2,6.2
1917515,2004,6,29,23,20,44,0.59,126.14,30.4,4.9
1862691,2004,6,20,8,51,9,0.56,125.94,35.4,5.1
1852159,2004,6,18,5,33,10,3.3,128.33,39.4,5
1844554,2004,6,16,21,34,28,5.55,127.15,107,5
1837198,2004,6,15,14,33,27,3.93,125.9,139.4,5
1807867,2004,6,10,9,35,15,1.39,126.86,71.2,5.1
1925486,2004,5,30,17,14,47,2.08,126.81,28.9,5.1
1922223,2004,5,30,1,56,1,4.62,128.29,46.8,5.4
1847889,2004,5,17,13,8,52,3.16,128.2,40.1,5
1753591,2004,5,1,2,10,59,3.66,126.83,49.6,4.8
1760972,2004,4,2,15,41,36,-0.11,124.99,30,5.6
1722493,2004,3,15,4,19,43,2.31,126.68,35.3,5.5
1717209,2004,3,12,9,18,48,4.18,126.74,53.1,5.3
1706447,2004,3,5,21,26,25,4.88,127.62,46.2,4.9
1740871,2004,2,25,11,15,26,4,126.35,25.3,5.2
1711046,2004,2,8,13,36,59,5.68,126.02,199.2,5.1
1704523,2004,2,4,19,57,16,5.8,126.25,106.6,4.9
1712935,2004,1,7,21,57,45,1.54,122.62,34.4,4.9
1694749,2003,12,28,5,36,58,0.74,122.52,82.1,5.8
1652465,2003,12,12,8,7,31,0.27,123.7,124.2,5.2
1690312,2003,11,29,20,17,19,4.2,126.61,73.7,5.2
1675534,2003,11,21,0,53,3,1.32,126.33,45.8,5.5
1646584,2003,11,12,0,29,51,1.66,126.74,32,6.2
1638194,2003,11,9,19,23,31,1.82,127.52,137.8,5.8
1629077,2003,11,7,13,59,39,1.85,126.86,15,5.6
1623899,2003,11,6,8,15,8,2.47,127.03,15,5.8
1672895,2003,10,18,22,27,20,0.72,126.17,32.7,6.3
1623285,2003,10,5,13,53,26,2.57,126.72,42.4,5.3
1607185,2003,10,2,23,24,6,4.36,126.09,139.6,5.1
1631940,2003,9,24,23,3,27,0.28,126.41,42,5.4
1581753,2003,9,12,9,3,11,0.01,123.18,96.3,5.5
1660490,2003,8,28,20,58,32,0.32,126.39,27.5,5.5
1581352,2003,8,11,0,19,15,1.31,128.18,15,6
1671054,2003,7,31,9,47,21,5.39,127.05,15,5.5
1634380,2003,7,24,10,23,27,0.43,124.78,77.2,5.8
1592551,2003,7,14,21,40,8,1.36,126.83,15,5.2
1542753,2003,7,1,5,52,26,4.69,122.67,604.6,6
1624432,2003,6,30,12,48,46,1.23,126.32,43.1,5.2
1601284,2003,6,26,0,19,6,4.93,127.23,59.2,5
1607373,2003,5,29,12,1,41,0.55,128.52,51.6,5
1605265,2003,5,29,6,25,34,2.66,128.72,26,5.3
1601299,2003,5,28,20,17,29,2.69,127.19,31.4,5.2
1589094,2003,5,27,10,32,8,1.89,129.1,23.3,5.3
1583054,2003,5,26,19,23,38,2.61,128.88,34,6.9
1561793,2003,5,22,16,1,41,0.19,124.11,119.9,5.4
1539893,2003,5,16,17,28,52,1.76,126.87,90.9,5
1512317,2003,5,5,23,4,48,3.68,127.91,52,6.1
1511052,2003,5,5,15,50,14,0.44,127.38,121.9,6.3
1548925,2003,4,20,5,24,45,4.79,126.68,87.1,5.1
1515795,2003,4,7,8,55,43,5.81,127.56,57,5.3
1498676,2003,4,2,5,37,1,2.46,126.85,67.2,5.5
1498004,2003,3,20,22,16,2,-0.04,125.67,45,5.4
1477533,2003,3,10,2,9,41,1.74,127.23,100.2,6.3
1493397,2003,2,18,9,20,56,-0.12,124.67,61,5
1521042,2003,1,28,16,12,1,3.07,126.91,42.3,5.3
1497919,2003,1,21,21,53,16,2.79,128.5,59.2,5.1
1489985,2003,1,17,23,46,10,2.01,122.77,459.9,5.8
1476157,2003,1,9,3,40,32,0.22,123.5,120.6,5.5
1443426,2002,12,21,17,41,17,5.13,123.38,574.3,5.7
1439414,2002,12,19,3,42,52,1.01,126.46,34.4,5.5
1417954,2002,12,8,11,32,36,2.81,127.8,33,4.8
1397082,2002,12,2,13,42,19,1.94,126.16,21,5.9
1428666,2002,11,9,19,56,52,2.42,128.97,43.1,5.2
1438011,2002,10,16,8,37,3,3.91,126.79,106.7,5.2
1415588,2002,10,7,17,32,25,2.69,126.94,38,5.2
1370153,2002,9,10,12,25,15,2.1,126.5,37.5,5.3
1359354,2002,8,8,4,13,42,1.6,127.41,127.5,5.1
1357834,2002,8,7,16,6,44,1.67,126.1,47.9,5
1392240,2002,7,23,1,35,52,0.71,124.23,24.6,5.1
1387496,2002,7,20,9,9,24,1.39,125.97,27.2,5.3
1385365,2002,7,19,2,38,33,1.58,122.82,28,5.6
1365509,2002,7,10,11,3,33,1.27,126.13,41.4,5.3
1319372,2002,6,12,6,27,27,-0.1,122.9,100.1,5
1359701,2002,5,26,6,51,38,4.18,126.54,48.8,5
1358748,2002,5,26,0,10,25,1.99,127.25,114.1,5.9
1350232,2002,5,23,14,24,51,4.41,126.75,37.3,5.2
1348151,2002,5,22,23,49,18,4.24,126.8,28,5.1
1347669,2002,5,22,20,39,50,4.4,126.69,27.7,5.2
1341273,2002,5,21,5,27,14,2.47,126.57,27.3,5
1324004,2002,5,14,14,19,9,3.71,125.42,48,5.4
1315325,2002,5,9,23,41,37,2.85,128.38,200.7,5.5
1303214,2002,5,6,2,42,8,0.28,125.92,31.8,5.1
1296739,2002,5,4,10,53,0,5.22,124.22,40,5.7
1366595,2002,4,26,11,28,51,-0.16,122.88,82.1,4.9
1348292,2002,4,20,22,39,48,5.25,124.17,27.9,5.7
1345797,2002,4,20,7,25,37,3.41,126.67,15,5.2
1345775,2002,4,20,7,24,41,3.98,126.89,28.1,5.2
1338382,2002,4,18,8,53,54,3.3,127.15,19.8,5.3
1337604,2002,4,18,3,27,41,3.56,127.36,37.4,5
1332787,2002,4,15,23,43,11,3.34,126.75,17.6,5.2
1328078,2002,4,13,15,36,10,1.3,125.64,79.8,5.4
1313493,2002,3,30,18,21,24,1.74,126.17,110.6,5
1306404,2002,3,28,0,50,21,2.83,128.52,134.1,5.1
1289730,2002,3,23,5,15,54,1.36,128.09,124.5,5.7
1287663,2002,3,22,17,36,59,4.74,126.99,54,5.4
1277496,2002,3,17,8,28,38,1.46,123.4,29,5.4
1277144,2002,3,17,3,37,25,1.02,122.74,85.5,5.7
1256975,2002,3,6,19,19,55,5.7,124.2,18.3,5.1
1256106,2002,2,7,3,15,59,3.26,126.23,40.1,5.7
1249870,2002,1,5,2,29,58,0.61,123.6,267.1,5.2
1253562,2001,12,26,16,24,16,2.69,127.02,29.7,5.2
1243292,2001,12,23,10,0,50,2.99,128.67,32,5.3
1224417,2001,12,18,2,10,2,0.53,123.15,84.8,5
1191636,2001,12,10,22,35,38,2.67,128.43,28.9,5.2
1183816,2001,12,9,18,15,4,-0.02,122.96,153.6,6
1125447,2001,11,2,22,17,48,5.61,127.62,98,5.2
1256175,2001,10,29,2,52,23,1.33,126.32,32.7,5.2
1236915,2001,10,23,0,40,40,3.71,126.85,31.2,5.3
1233689,2001,10,21,12,36,49,3.9,128.61,21.4,5.1
1232867,2001,10,21,3,40,24,2.02,126.66,44,5.7
1217713,2001,10,16,19,52,39,3.79,126.83,24.9,5.2
1201784,2001,10,13,16,27,5,0.88,125.96,31.4,5.9
1071775,2001,9,8,16,30,15,1.39,125.34,15,5.2
1021101,2001,9,1,23,33,21,1.43,126.25,42.7,5.2
1209845,2001,8,27,1,16,55,1.34,126.56,31.7,6.1
1208562,2001,8,26,19,34,17,1.48,126.51,25.6,5
1203783,2001,8,26,4,17,8,1.22,126.62,17,5.1
1201196,2001,8,25,19,29,29,1.33,126.24,52.6,5.2
1134059,2001,8,15,17,29,6,4.34,127.63,133.2,5.2
1108201,2001,8,12,19,26,38,2.7,126.92,42.2,5.2
1046582,2001,8,5,3,54,48,2.89,127.22,27,5.3
1045328,2001,8,4,22,54,55,0.4,128.78,25,5.1
1037983,2001,8,4,1,44,59,2.78,127.36,33,5.8
1026754,2001,8,2,20,33,48,2.74,126.89,54.8,4.8
1228207,2001,7,31,15,11,24,1.64,126.53,38.8,5.7
1197603,2001,7,25,21,56,41,0.16,123.23,165.5,5.6
1214670,2001,6,26,0,29,8,0.5,125.94,72.2,5.1
1195571,2001,6,23,14,34,22,1.5,125.96,74.1,5.6
1178285,2001,6,20,20,50,40,3.13,128.41,220.8,5.1
1097976,2001,6,11,11,44,1,0.2,123.25,89.7,5.2
1090488,2001,6,10,15,18,36,4,126.43,101.9,5.4
1025000,2001,5,3,4,32,4,0.34,126.38,26.7,5.8
1128757,2001,4,16,3,29,16,3.3,127.14,25.8,5.2
1056528,2001,3,4,20,34,13,1.65,127.18,15,5.3
1040891,2001,3,3,5,56,38,1.45,126.37,28.2,5.2
1140314,2001,2,26,15,16,40,1.89,126.39,84.4,5.1
1138034,2001,2,26,9,18,25,1.54,126.46,38.5,5.4
1120135,2001,2,24,16,33,53,1.44,126.3,29,6.2
1119841,2001,2,24,16,7,53,1.24,126.37,34,5.7
1117020,2001,2,24,7,23,57,1.55,126.42,42.8,7
992197,2001,2,9,17,2,53,1.53,122.88,41.6,5.3
1076932,2001,1,20,21,59,11,3,126.81,38.1,5.5
1053166,2001,1,18,12,32,41,2.49,126.34,33.3,5.5
1025240,2001,1,15,23,3,5,0.17,122.85,153,5.3
966368,2001,1,8,8,42,38,5.83,127.75,19.4,5.2
965362,2001,1,8,4,20,49,5.1,127.87,36.2,5.1
956399,2001,1,6,15,55,32,5.65,127.61,25,5.7
1122017,2000,12,29,13,47,41,1.62,126.63,47,5.1
988205,2000,12,10,18,58,37,0.16,127.22,120.9,5.6
950736,2000,12,5,11,8,25,4.4,126.62,80,5.7
938605,2000,12,3,9,25,44,2.02,126.04,92.6,5.3
981362,2000,11,9,1,46,43,5.86,127.64,83.6,5.6
948076,2000,11,4,12,38,42,5.83,126.05,116.4,5.7
953050,2000,10,5,10,44,16,1.48,127.97,22.8,5.3
1082476,2000,9,26,16,49,38,1.18,127.61,147.9,5.9
1074881,2000,9,25,13,40,51,0.06,123.55,136.8,5.1
954892,2000,9,6,4,26,48,1.7,126.33,32.7,5.1
937559,2000,9,3,5,0,44,1.57,126.89,110.4,5.1
1179530,2000,8,31,8,24,12,5.05,123.49,578.7,5.6
1157581,2000,8,28,3,37,2,4.5,127.01,58.9,5.5
959552,2000,8,4,7,47,42,0.17,126.79,114.8,5.5
931343,2000,7,11,16,3,52,5.8,125.71,85.5,5.3
990710,2000,6,23,5,1,58,1.56,126.42,42.7,5.7
931205,2000,6,14,17,0,54,4.75,127.61,111.4,6.3
893663,2000,6,7,16,45,42,5.29,126.96,55.5,5.5
908070,2000,5,11,21,38,14,0.11,123.83,77,5.1
918985,2000,4,18,6,23,17,4,128.31,15,5.6
918034,2000,4,17,23,7,18,3.91,128.39,25,5.4
917456,2000,4,17,18,43,46,3.89,128.3,15,5.3
917325,2000,4,17,18,8,17,3.99,128.26,15,5.5
878448,2000,4,3,15,20,3,4.1,125.75,139.6,6.1
931338,2000,3,21,5,26,9,3.35,128.05,91.8,5.9
934003,2000,2,21,18,51,24,4.64,124.71,28,5.2
905287,2000,2,13,18,19,42,5.73,126.88,133.3,5.6
896281,2000,2,10,13,6,3,3.05,128.41,214.2,5.1
895169,2000,2,10,4,3,41,1.19,126.32,23.4,5.4
884318,2000,2,6,2,8,14,1.52,126.38,37.2,5.4
980693,2000,1,29,2,53,57,4.98,126.38,88.2,5
