depthError,[0. 0. 0. 0. 0. 0. 0. 0. 0. 0. 0. 0. 0. 0. 0. 0. 0. 0. 0. 0. 0. 0. 0. 0.
 0. 0. 0. 0. 0. 0. 0. 0. 0. 0. 0. 0. 0. 0. 0. 0. 0. 0. 0. 0. 0. 0. 0. 0.
 0. 0. 0. 0. 0. 0. 0. 0. 0. 0. 0. 0. 0. 0. 0. 0. 0. 0. 0. 0. 0. 0. 0. 0.
 0. 0. 0. 0. 0. 0. 0. 0. 0. 0. 0. 0. 0. 0. 0. 0. 0. 0. 0. 0. 0. 0. 0. 0.
 0. 0. 0. 0. 0. 0. 0. 0. 0. 0. 0. 0. 0. 0. 0. 0. 0. 0. 0. 0. 0. 0. 0. 0.
 0. 0. 0. 0. 0. 0. 0. 0. 0. 0. 0. 0. 0. 0. 0. 0. 0. 0. 0. 0. 0. 0. 0. 0.
 0. 0. 0. 0. 0. 0. 0. 0. 0. 0. 0. 0. 0. 0. 0. 0. 0. 0. 0. 0. 0. 0. 0. 0.
 0. 0. 0. 0. 0. 0. 0. 0. 0. 0. 0. 0. 0. 0. 0. 0. 0. 0. 0. 0. 0. 0. 0. 0.
 0. 0. 0. 0. 0. 0. 0. 0. 0. 0. 0. 0. 0. 0. 0. 0. 0. 0. 0. 0. 0. 0. 0. 0.
 0. 0. 0. 0. 0. 0. 0. 0. 0. 0. 0. 0. 0. 0. 0. 0. 0. 0. 0. 0. 0. 0. 0. 0.
 0. 0. 0. 0. 0. 0. 0. 0. 0. 0. 0. 0. 0. 0. 0. 0. 0. 0. 0. 0. 0. 0. 0. 0.
 0. 0. 0. 0. 0. 0. 0. 0. 0. 0. 0. 0. 0. 0. 0. 0. 0. 0. 0. 0. 0. 0. 0. 0.
 0. 0. 0. 0. 0. 0. 0. 0. 0. 0. 0. 0. 0. 0. 0. 0. 0. 0. 0. 0. 0. 0. 0. 0.
 0. 0. 0. 0. 0. 0. 0. 0. 0. 0. 0. 0. 0. 0. 0. 0. 0. 0. 0. 0. 0. 0. 0. 0.
 0. 0. 0. 0. 0. 0. 0. 0. 0. 0. 0. 0. 0. 0. 0. 0. 0. 0. 0. 0. 0. 0. 0. 0.
 0. 0. 0. 0. 0. 0. 0. 0. 0. 0. 0. 0. 0. 0. 0. 0. 0. 0. 0. 0. 0. 0. 0. 0.
 0. 0. 0. 0. 0. 0. 0. 0. 0. 0. 0. 0. 0. 0. 0. 0. 0. 0. 0. 0. 0. 0. 0. 0.
 0. 0. 0. 0. 0. 0. 0. 0. 0. 0. 0. 0. 0. 0. 0. 0. 0. 0. 0. 0. 0. 0. 0. 0.
 0. 0. 0. 0. 0. 0. 0. 0. 0. 0. 0. 0. 0. 0. 0. 0. 0. 0. 0. 0. 0. 0. 0. 0.
 0. 0. 0. 0. 0. 0. 0. 0. 0. 0. 0. 0. 0. 0. 0. 0. 0. 0. 0. 0. 0. 0. 0. 0.
 0. 0. 0. 0. 0. 0. 0. 0. 0. 0. 0. 0. 0. 0. 0. 0. 0. 0. 0. 0. 0. 0. 0. 0.
 0. 0. 0. 0. 0. 0. 0. 0. 0. 0. 0. 0. 0. 0. 0. 0. 0. 0. 0. 0. 0. 0. 0. 0.
 0. 0. 0. 0. 0. 0. 0. 0. 0. 0. 0. 0. 0. 0. 0. 0. 0. 0. 0. 0. 0. 0. 0. 0.
 0. 0. 0. 0. 0. 0. 0. 0. 0. 0. 0. 0. 0. 0. 0. 0. 0. 0. 0. 0. 0. 0. 0. 0.
 0. 0. 0. 0. 0. 0. 0. 0. 0. 0. 0. 0. 0. 0. 0. 0. 0. 0. 0. 0. 0. 0. 0. 0.
 0. 0. 0. 0. 0. 0. 0. 0. 0. 0. 0. 0. 0. 0. 0. 0. 0. 0. 0. 0. 0. 0. 0. 0.
 0. 0. 0. 0. 0. 0. 0. 0. 0. 0. 0. 0. 0.]
timeError,[]
latitude,[ 4.72  1.42  4.03  5.48 -0.11  1.66  1.58  4.93  3.29  1.13  4.85 -0.11
  4.08  0.55  1.47  2.22  2.12  4.14  2.29  4.33  5.14  1.25  2.63  2.29
  2.79  4.49  3.63  2.54  4.41  2.56  5.87 -0.22 -0.15  2.93  1.5   3.66
  4.16  1.55  3.37  0.48  3.21  2.8   3.69  2.98  5.79  3.19  4.72  2.65
  0.69  2.96  4.59  5.43  1.17  3.54  1.03  1.91  2.34  0.56  4.8   1.51
  3.47  3.28  1.79  1.75  0.4   1.66  1.08  1.5  -0.32  5.77  0.38  4.1
  2.47  0.47  2.59  1.85  4.18 -0.22  4.11  1.95  0.9  -0.33  2.35  1.73
  2.26  3.78  5.49  1.61 -0.3   5.62  2.84  2.62  4.98  4.12 -0.1   2.99
  1.42 -0.2   4.57  3.69  2.07 -0.35  4.52  0.04  4.59  4.38  1.82  5.51
  5.57  3.71  5.78  5.59  0.04  0.06 -0.02  0.54  2.91  1.41  5.63  0.57
  0.33  2.83  4.98  5.64  4.23  2.06  2.41  4.68  2.54  3.96  5.27  1.13
  0.84  3.47  1.62 -0.27  3.84  1.09  1.51  1.56  1.82  0.06  1.23  1.68
  5.24  1.52  0.12  5.44 -0.04  4.4   2.76  0.63  3.04  2.9   0.01  4.1
 -0.28 -0.1   5.85  1.62  3.18 -0.14  4.85  0.23  0.88  0.84  3.6  -0.28
  0.44  2.21  4.84  0.13  2.85  0.64 -0.31  5.85  5.83  0.53  5.44  1.16
 -0.23  1.98  5.04  0.15  5.7   1.84  4.58  4.07  4.85 -0.36  4.59  3.03
  5.81  5.01  4.49  5.64  0.04  3.34 -0.03  0.4   2.09  3.08  5.78  5.74
  4.39  4.55  1.86  3.71  0.28  5.14  0.21 -0.17  0.35  0.65  1.93  4.87
  5.85  3.35  0.08  0.38  3.57  1.01 -0.04  3.85 -0.07  2.79  2.01  4.76
  4.29  5.24  1.9   1.48  2.25  5.39  0.    1.54  2.64  4.69  1.1  -0.33
  2.83  2.8   0.65  4.41  1.33  3.72  1.08  1.64  4.49 -0.21  5.52  5.77
  1.09  1.59 -0.16  1.02  4.2   0.65  2.65  1.73  4.59  4.5  -0.34  4.26
  4.53 -0.03  5.66  5.67  4.6   1.54  3.98  2.59  3.52  3.68  2.16  2.75
  1.44 -0.12  3.39 -0.15  5.1   2.83  0.09  2.1   5.66  1.35  2.91 -0.12
  2.31  0.18  1.23  3.43  2.89  1.61  2.83  4.87 -0.05  1.8   2.34  0.01
  3.05  1.68  2.2   1.47  5.19  2.93  4.2   0.11  4.76  2.74  4.81  1.54
  1.7   1.63  5.33  1.18 -0.05 -0.22  3.06  4.88  2.11  4.22  0.53  1.69
  3.8   1.06 -0.15  3.98  0.62  2.81 -0.25  2.83  5.71  5.58  2.83  0.33
  1.4   2.28  1.63  5.3   3.77  1.97  1.65  4.19  0.48  3.68  3.9  -0.25
  5.79  1.19  2.52  0.06  1.28  5.1   0.59  3.16  5.39  5.86  1.36  3.09
  4.11  1.76  1.67  2.51  3.11  2.26  2.94  4.89  0.13  2.38  4.1   4.65
  1.13  5.32  1.78  5.86  4.26  5.21  5.66  0.1   1.73  3.92 -0.12  1.49
  2.54  5.39  5.39  5.74  2.59  1.46  0.    4.79 -0.18  1.91  2.05  5.27
 -0.06  4.37  3.51  5.37  1.99  0.07  2.64 -0.33 -0.3   1.55 -0.01  4.29
  5.25  5.6   3.86  4.83  2.95  5.67  0.01  1.76 -0.26  1.56  4.23  0.05
 -0.33  2.51  5.58  1.1   2.79  0.11  3.03  3.3   3.83  2.7   5.87  0.18
  4.94  5.04  3.7   4.23  1.57  3.49  0.15  5.78 -0.24  4.54  3.04  4.07
  4.62  3.91  3.54  4.19  0.    0.12  4.67  2.41 -0.2   5.87  2.56  3.05
  5.69  2.65  2.75  3.13 -0.13 -0.15  1.83  2.97  2.48  4.02  5.31  0.21
  1.15  3.04  1.06  2.43  0.48  0.16  1.    3.28  1.08  4.8   0.14  5.47
  5.14  3.79 -0.12  1.43  2.1   2.39  0.35  1.71 -0.33 -0.1   3.3   0.84
  2.69  3.7   5.63  3.73 -0.12  3.59  0.16  3.91  2.9  -0.19  1.41  0.79
  0.59  0.56  3.3   5.55  3.93  1.39  2.08  4.62  3.16  3.66 -0.11  2.31
  4.18  4.88  4.    5.68  5.8   1.54  0.74  0.27  4.2   1.32  1.66  1.82
  2.47  0.72  4.36  0.01  1.31  5.39  0.43  1.36  4.69  1.23  4.93  0.55
  2.69  2.61  0.19  3.68  0.44  4.79  5.81  2.46 -0.04  1.74 -0.12  3.07
  2.01  0.22  5.13  1.01  2.81  1.94  3.91  2.69  2.1   1.6   1.67  0.71
  1.39  1.58 -0.1   4.18  1.99  4.41  2.47  3.71  2.85  0.28  5.22 -0.16
  3.98  3.3   3.56  3.34  1.3   1.74  1.36  4.74  1.46  1.02  5.7   3.26
  0.61  2.69  2.99  0.53  2.67 -0.02  5.61  3.71  3.9   1.39  4.34  2.7
  0.4   2.78  0.16  0.5   3.13  4.    0.34  3.3   1.55  1.53  3.    2.49
  0.17  5.1   5.65  0.16  4.4   5.83  1.48  1.18  0.06  5.05  4.5   0.17
  5.8   4.75  5.29  0.11  4.    4.1   3.35  4.64  5.73  3.05  1.19  1.52
  4.98]
Agency,[]
second,[17. 45. 25. 44.  6. 47. 32. 24.  1. 18. 43. 15. 26. 47. 33. 45. 11. 38.
 25.  5. 41.  0. 50.  8. 46. 50. 30. 55. 19.  2. 14.  8. 27.  2. 40. 52.
 58. 15.  4. 41. 19. 11. 46. 14.  6. 20. 43. 25. 28.  0.  3. 31. 23. 13.
 56. 22. 29. 18. 27. 47. 45.  8. 50.  9. 32. 50. 49. 28. 43. 37. 51. 23.
 28. 23.  5.  3. 13. 56. 33.  3.  5. 39. 33. 30.  4. 36. 23.  1. 50. 52.
 28. 43. 45. 30.  0. 32. 22. 28. 55. 38.  6. 39.  8. 55. 31. 45. 28.  8.
  7. 11. 14. 58. 41. 28. 30.  0. 16. 19. 57. 38. 13. 50. 15. 30. 31. 12.
 12. 54. 43.  8. 25. 38.  5. 49.  5. 51. 11. 24. 44.  2.  8. 26. 57. 16.
 27. 51. 14. 58. 27. 31. 52. 11. 34. 48. 39. 25. 43. 49. 58. 10. 18.  8.
 54. 56. 10.  4. 30. 20. 30.  6. 57. 37. 53.  3. 44. 27. 15. 42. 35. 31.
  5. 49. 43. 12. 17. 20. 18. 12. 35. 11. 51. 44. 24. 47. 55.  3. 23. 57.
 51. 35. 32. 55. 54. 27. 56. 20. 52. 50.  2.  1. 59. 20.  4.  5. 10. 24.
 51. 11.  4. 40. 13.  4. 26. 47. 18. 55. 14. 42. 29. 58. 14.  3. 45. 56.
 55. 58. 50. 35. 11.  2.  4. 49. 28. 12. 43. 16. 46. 35. 10.  9.  6. 40.
 33. 42. 20. 44. 23. 31. 57. 24. 36. 49. 53. 32. 11.  6. 12.  2. 38. 49.
 30. 32. 13. 27. 40. 45. 22. 36. 19. 47. 19. 33. 54. 41. 10. 27. 36.  4.
 17. 46. 41. 33. 15. 23. 51. 52. 48. 44. 26. 12. 48. 24. 45.  3. 35.  2.
 34. 41.  2. 26. 12. 29. 31. 37. 28. 38. 24. 26. 18. 10. 27.  1. 22.  7.
 26. 34. 57. 15. 29. 30. 31. 12. 32. 28. 34. 16. 30. 57. 50. 33. 56. 41.
 19. 52. 10. 27.  1. 50. 56. 47. 50. 45. 35. 12. 38. 38. 24. 10. 22. 10.
 19. 26. 27. 34.  9. 11. 34. 16. 12. 52. 15. 41. 48. 48. 28. 19. 22. 59.
 58. 47. 54.  1. 32. 52. 59.  7.  7. 30. 46. 14. 54. 57. 37.  6.  9. 36.
 18. 22. 18. 10. 18.  6.  2.  4. 53. 57. 15. 23. 30. 49. 48.  3. 24. 51.
 41. 20.  5. 20. 13. 22. 26. 46. 36.  1. 21.  7. 37.  8.  6. 21.  1.  7.
 25. 52.  8. 41. 58. 46. 50. 55. 29. 18. 59. 50. 53. 16. 33.  1.  9. 59.
 34. 50. 12. 20. 30. 37.  0. 56. 19. 21. 57. 26. 23.  8.  4. 13. 14. 31.
 31. 16. 19.  1.  0.  5. 16. 18. 50. 32.  7. 23. 36.  5. 33. 27. 58. 26.
 45. 45. 27. 23. 33. 34. 43. 56.  9. 32. 15.  9. 51. 49. 24. 11. 32. 28.
 44.  9. 10. 28. 27. 15. 47.  1. 52. 59. 36. 43. 48. 25. 26. 59. 16. 45.
 58. 31. 19.  3. 51. 31.  8. 20.  6. 11. 15. 21. 27.  8. 26. 46.  6. 41.
 29. 38. 41. 48. 14. 45. 43.  1.  2. 41. 56.  1. 10. 32. 17. 52. 36. 19.
  3. 25. 15. 42. 44. 52. 24. 33. 27. 38. 25. 51. 14.  9. 37.  8.  0. 51.
 41. 54. 41. 11. 10. 24. 54. 59. 38. 25. 55. 59. 58. 16. 50.  2. 38.  4.
 48. 40. 49. 15.  6. 38. 55. 59. 41.  8. 40. 36.  4. 16. 57. 53. 11. 41.
  5. 49. 32. 37. 25. 42. 16. 38. 51. 12.  2. 42. 52. 54. 42. 14. 17.  3.
  9. 24. 42.  3. 41. 14. 57.]
month,[12 12 12 12 11 11 11 11 11 10 10 10  9  7  6  5  5  5  4  4  3  2  2  2
  2  1  1  1  1  1 12 12 12 11 11 11 10 10 10  9  9  9  8  8  8  8  7  6
  6  6  6  5  5  5  5  5  5  4  4  4  4  4  3  3  3  3  3  2  2  1  1 12
 12 11 11 11 10 10  9  9  9  8  7  6  6  6  4  4  4  4  3  3  2  2  2  1
  1  1  1  1 12 12 12 11 11 10 10  9  9  9  8  8  8  7  7  6  6  6  6  6
  6  5  5  4  4  4  3  3  3  3  2  2  2  1  1  1  1 12 11 11 10 10 10  9
  9  9  9  9  9  9  8  8  7  6  6  6  6  6  5  5  4  4  4  4  4  3  3  3
  3  3  3  3  2  2  2  1  1  1 12 11 11 11 11 11 10 10 10  9  9  9  9  8
  8  8  8  7  6  6  6  6  6  6  5  5  5  4  3  3  3  3  3  3  3  2  2  2
  1  1 12 12 12 12 12 12 11 11 11 11 10 10 10  9  9  9  8  7  7  7  6  6
  6  5  5  5  5  4  4  4  4  3  3  2  1 12 12 12 12 12 12 11 11 11 10 10
 10 10 10  9  9  9  9  9  8  8  8  8  8  7  7  7  7  6  6  6  6  6  6  5
  5  4  4  3  3  2  2  1  1  1  1 12 12 12 11 10  9  9  8  7  6  6  5  5
  5  5  5  5  5  5  4  3  2  2  1  1  1  1  1 11 11 11 10 10  9  9  8  8
  8  7  7  6  6  6  6  6  5  5  4  4  2  2  1  1 12 12 11 11 11 11 10 10
 10  9  9  9  9  8  8  8  8  7  7  7  7  6  5  5  4  4  3  3  3  2  2  2
  1  1 12 12 12 12 12 11 10  9  6  6  6  5  4  4  3  3  3  2  2  2  1  1
 11  9  9  9  7  6  5  5  4  3  3  3  3  2  2  1  1  1 12 12 12 11 11 11
 11 10 10 10  8  6  5  5  5  4  4  3  3  3  3  2  1  1  1 12 12 11 10  9
  8  8  8  8  7  7  7  7  7  6  6  5  4  4  3  3  3  3  3  3  2  2  2  2
  1  1  1  1  1  1 12 12 12 12 11 11 11 10 10 10  9  9  9  7  7  7  7  6
  6  6  6  6  6  6  5  5  5  5  4  3  3  3  2  2  2  1 12 12 11 11 11 11
 11 10 10  9  8  7  7  7  7  6  6  5  5  5  5  5  5  4  4  4  3  3  2  1
  1  1 12 12 12 12 10 10  9  8  8  7  7  7  6  5  5  5  5  5  5  5  5  4
  4  4  4  4  4  3  3  3  3  3  3  2  1 12 12 12 12 12 11 10 10  9  8  8
  8  8  7  6  6  6  5  4  2  2  1  1  1  1  1 12 12 11 10  9  9  8  8  8
  7  6  6  5  4  4  3  2  2  2  2  2  1]
flag,[]
depth,[ 21.2  53.1  26.6  40.6  52.7  29.6  29.   57.6  16.  248.4  32.3  25.
  29.3  30.5 150.7  84.1 342.4  29.7 104.8  30.7 186.4  17.6  26.4  17.6
  41.3  20.1  12.   35.6 114.8  42.5  54.4  59.2 161.   28.1 127.2  22.2
  28.6 120.6  38.2  22.2 142.7 203.1  19.3  23.9 150.4  28.2  17.8 223.3
  34.2  25.1  28.2 173.6  39.   72.7  41.1  36.3  42.1  53.1 119.5  40.2
  15.   78.8 119.8  30.2  30.6  14.   61.2 218.1  30.9  95.8 239.7  32.5
  41.8 105.6  14.1 116.9  53.7  91.3  18.8  42.2 208.5  35.1 116.5  73.3
 177.7  30.4  31.4  94.8  39.   29.5 118.   41.7  42.1  26.2  60.6  32.8
  25.4  36.2 621.5  27.9  24.   42.1 161.6  32.2  81.3  87.8 141.1  50.2
  70.7  19.3  93.6 137.1 172.2 153.7 167.7  99.   30.8  31.4 112.   33.1
  22.2 117.3 118.4 102.9  30.4 108.7  61.8  15.2 136.1 113.2 180.6  12.
  15.5  24.3 165.9  16.8  12.   12.   35.9 120.2 108.1 105.1 134.9  35.4
 523.2  27.8 146.5 121.8  63.8 309.5  23.4  71.7 127.4 221.8 131.1 137.
  41.5 159.3  51.2 156.6 140.8  49.1 293.9  33.6 214.1  54.   27.3  74.2
 108.2 220.  105.9  86.2 220.1  33.1  37.5  66.8  87.4  65.8  44.4  26.
  85.8  38.1  95.2 120.8 112.3  88.2  87.9  53.4  68.9  29.2  33.  130.5
  83.6 129.8  64.3  28.6 138.5  45.  122.6  15.   45.2 121.2 133.9 127.7
  97.1 575.  140.6  24.   15.1  39.4  27.8 143.3  24.4  33.7  16.7 140.5
 138.1  24.   84.1  55.4  16.7  20.5 138.6  25.   87.2  37.6  35.3 543.1
 100.4  42.5  70.2  88.1  78.3 136.2 151.1  33.7 150.2  55.4 139.6  34.8
 214.  166.6  61.  447.8 117.7  25.4 109.5  30.4 107.2  39.7  64.6 106.7
 157.8  52.9 107.1  67.   27.   31.4 153.5  81.7  15.  173.2  36.5 333.1
 184.1  80.4  89.8  68.8  19.2  77.6  45.8 157.4 556.6  18.6  91.2  13.2
  67.8  61.5  83.2  77.2  35.8  92.1 143.3  23.8  43.2  76.2 145.1  54.9
  41.1  50.5  29.1  66.7  98.2  32.4  47.4  33.8  73.6 130.4  54.2 164.4
 125.4 146.4  47.6  49.3 117.3 232.8 121.4 156.8  12.   81.9  75.3 267.9
  83.1  18.2  31.9  58.9  91.9  41.1  15.   62.7  24.4 517.6  17.5  89.7
  15.   34.7  45.2  70.8  36.5  54.3  37.5 136.2 124.5  25.3 237.4 192.
  40.8  33.4  77.1  52.   35.9 112.8 150.1  31.2 133.8 114.6  33.9  28.4
  31.1  39.8  32.8 165.9  32.9 121.1  32.5  27.3  24.8 100.1  30.   38.5
 579.5 117.2  99.3 107.7  28.1  53.7  45.3 113.2 146.1  25.4 130.1  27.3
  29.8  36.7  80.7 146.9 142.4  57.3  27.3 136.3  36.1  23.9  58.6  19.3
 226.9 139.2 421.4 198.3  26.6  72.6 134.9 333.4  74.1 119.6  52.4  32.
 144.4  59.9 149.2  54.8  58.8 126.6 131.4  32.4  45.7  30.6  87.3  23.8
  24.2 103.4  22.5  57.2  41.9  53.4 172.8  20.   44.1  26.4  21.1 110.8
  43.4 271.3  32.   22.2  47.8 114.8 101.4 183.7 215.3  35.5  21.3 110.5
  67.5  12.4 105.8  28.5  18.9 571.1 285.6 112.3  31.4 186.7  39.1  50.5
  74.1  29.  116.   26.5 125.6 113.6 178.5 149.4  31.   45.9  21.3 454.4
 161.5  36.2  25.   81.4 120.7  17.  127.7  25.5  38.2  44.4  49.8 111.2
  31.3  51.   53.  105.9  32.7 138.1  12.   18.6  31.8  56.8 135.8 530.6
 178.7  14.9 123.8  27.   29.1  16.  116.5 145.9  30.2 154.1  41.9  80.
  57.   17.4  38.2  20.  110.5  57.2 124.1  27.  278.6  20.8  23.6 101.2
  30.4  35.4  39.4 107.  139.4  71.2  28.9  46.8  40.1  49.6  30.   35.3
  53.1  46.2  25.3 199.2 106.6  34.4  82.1 124.2  73.7  45.8  32.  137.8
  15.   32.7 139.6  96.3  15.   15.   77.2  15.  604.6  43.1  59.2  51.6
  31.4  34.  119.9  52.  121.9  87.1  57.   67.2  45.  100.2  61.   42.3
 459.9 120.6 574.3  34.4  33.   21.  106.7  38.   37.5 127.5  47.9  24.6
  27.2  28.  100.1  48.8 114.1  37.3  27.3  48.  200.7  31.8  40.   82.1
  28.1  19.8  37.4  17.6  79.8 110.6 124.5  54.   29.   85.5  18.3  40.1
 267.1  29.7  32.   84.8  28.9 153.6  98.   31.2  21.4  15.  133.2  42.2
  25.   33.  165.5  72.2 220.8 101.9  26.7  25.8  42.8  41.6  38.1  33.3
 153.   36.2  25.  120.9  80.  116.4  22.8 147.9 136.8 578.7  58.9 114.8
  85.5 111.4  55.5  77.   15.  139.6  91.8  28.  133.3 214.2  23.4  37.2
  88.2]
sigmaMagnitude,[]
longitude,[125.3  128.43 126.73 126.78 124.37 126.32 123.46 127.4  127.23 124.24
 125.12 124.65 126.79 126.1  127.39 128.18 123.71 126.72 128.19 127.37
 125.4  128.15 127.32 128.69 128.45 126.85 128.77 126.9  126.31 127.39
 126.91 124.59 122.97 126.84 127.1  125.31 126.61 125.48 126.92 126.34
 128.15 125.   126.66 127.98 125.98 127.18 125.01 128.46 125.99 127.87
 126.76 125.44 127.09 127.1  126.15 126.59 126.72 125.83 127.54 126.85
 127.36 127.86 128.53 126.19 126.1  127.81 125.29 124.48 125.13 126.06
 123.69 126.83 126.78 124.46 128.1  127.09 127.85 123.1  128.49 128.68
 124.31 125.2  127.28 126.88 128.27 126.81 124.89 128.2  125.24 127.4
 126.01 128.65 127.37 126.84 123.09 128.23 126.3  125.04 122.78 128.68
 126.52 124.55 127.86 125.38 126.46 126.27 127.48 127.09 126.9  127.06
 126.07 125.74 123.8  123.5  122.87 127.15 127.26 126.35 126.45 126.54
 126.26 128.09 127.55 126.75 126.57 126.98 126.21 125.04 128.32 126.19
 125.32 127.46 128.98 128.25 127.14 129.42 127.05 127.45 126.38 127.27
 128.23 123.97 125.02 128.57 123.68 122.89 123.58 125.89 124.46 124.53
 127.74 126.5  128.03 128.51 123.37 125.95 124.46 122.9  126.13 127.32
 127.97 124.28 124.93 126.36 124.15 124.91 127.45 123.26 122.65 128.41
 125.82 124.63 128.47 126.12 125.1  125.25 127.06 125.21 126.72 127.98
 123.99 126.37 126.14 123.84 125.9  127.37 126.34 126.48 126.46 125.06
 127.83 125.71 127.12 127.41 126.45 126.55 123.57 128.07 122.99 129.83
 128.56 125.83 126.01 125.66 126.78 122.82 127.61 127.16 129.87 126.77
 126.43 122.8  126.14 126.11 122.97 126.15 125.63 128.27 124.09 125.62
 127.21 127.31 123.62 126.58 122.93 128.34 126.42 123.28 126.17 125.59
 128.41 126.89 126.98 125.7  123.26 126.27 125.74 126.75 127.06 125.04
 128.46 125.42 125.15 123.75 128.03 126.8  125.16 126.29 127.69 125.77
 127.05 125.95 127.43 126.37 122.99 125.61 126.66 126.2  128.34 125.87
 124.99 125.74 125.36 124.49 125.92 123.68 126.11 126.54 126.6  125.92
 126.23 128.23 122.93 127.09 126.81 128.73 126.95 124.38 125.97 122.8
 126.71 128.27 123.52 129.32 126.68 126.9  125.5  122.95 126.07 125.54
 126.36 125.89 126.05 126.4  126.81 125.23 125.24 127.46 128.15 123.14
 128.17 127.13 126.96 126.21 127.51 128.63 125.74 123.36 125.14 126.35
 127.56 124.01 126.74 126.28 126.68 125.28 122.89 124.54 127.24 126.66
 126.89 123.28 128.67 127.18 126.66 123.27 125.04 127.94 126.17 126.12
 125.32 128.1  126.35 124.58 128.64 124.02 126.4  126.47 126.88 127.02
 126.66 127.13 127.38 126.72 124.7  127.94 126.71 125.07 125.51 126.33
 126.7  123.4  126.12 127.38 126.03 127.51 126.54 127.13 126.31 128.05
 122.51 127.12 128.34 126.   127.55 128.54 126.99 127.61 123.62 127.05
 125.77 124.4  125.92 126.6  125.97 125.96 125.6  127.2  127.59 123.62
 126.45 126.81 124.45 123.31 128.4  126.44 124.27 125.66 128.72 126.74
 123.64 124.78 123.16 127.34 128.46 126.68 123.43 127.78 125.85 127.42
 128.43 123.49 128.28 125.37 124.5  122.57 124.2  127.04 126.56 126.09
 126.5  127.5  127.47 125.15 122.89 127.97 124.69 122.63 126.95 127.21
 124.6  124.59 126.61 126.21 126.32 123.84 125.88 125.59 125.1  128.33
 124.16 123.92 127.44 125.34 126.07 126.73 122.91 122.56 122.56 126.43
 124.92 125.7  128.09 126.57 126.5  128.38 128.05 128.34 127.46 124.13
 125.63 128.26 124.95 126.33 127.27 123.32 126.04 126.85 128.02 128.11
 123.85 125.19 127.47 126.51 126.72 128.03 126.99 126.55 126.41 126.73
 125.66 126.33 126.14 123.83 126.37 128.3  125.96 126.66 123.65 123.67
 125.49 127.01 123.66 125.87 125.73 126.66 124.1  127.35 125.1  123.28
 128.   122.52 128.26 128.71 126.68 128.37 123.14 126.9  123.78 126.98
 124.99 126.63 126.21 124.95 126.14 125.94 128.33 127.15 125.9  126.86
 126.81 128.29 128.2  126.83 124.99 126.68 126.74 127.62 126.35 126.02
 126.25 122.62 122.52 123.7  126.61 126.33 126.74 127.52 127.03 126.17
 126.09 123.18 128.18 127.05 124.78 126.83 122.67 126.32 127.23 128.52
 127.19 128.88 124.11 127.91 127.38 126.68 127.56 126.85 125.67 127.23
 124.67 126.91 122.77 123.5  123.38 126.46 127.8  126.16 126.79 126.94
 126.5  127.41 126.1  124.23 125.97 122.82 122.9  126.54 127.25 126.75
 126.57 125.42 128.38 125.92 124.22 122.88 126.89 127.15 127.36 126.75
 125.64 126.17 128.09 126.99 123.4  122.74 124.2  126.23 123.6  127.02
 128.67 123.15 128.43 122.96 127.62 126.85 128.61 125.34 127.63 126.92
 128.78 127.36 123.23 125.94 128.41 126.43 126.38 127.14 126.42 122.88
 126.81 126.34 122.85 127.87 127.61 127.22 126.62 126.05 127.97 127.61
 123.55 123.49 127.01 126.79 125.71 127.61 126.96 123.83 128.31 125.75
 128.05 124.71 126.88 128.41 126.32 126.38 126.38]
minute,[12 25 56 24 48 17 48 57 34 38 18 35 32  8 24 13  2 22 28 36  0 44  8  3
 17 47 49 11  4 59 39 25 27 29 13  9  9 34 33  9 49 44 58 23 36 52 28 35
 44 47 29 33 15 52 39  9 33  5 29 30 18 14 49 13 46 33 28 29 20  3 31 20
 14 11  7 11 32 40 15 30  7 57 11 55  5 30 23 52 13 38 30 38 31  7 28 16
 41 39 13 13 10 15 24 53 17 18 46 20 29 14 28  6 27 29 58  0 56 15 20 29
 44 39  3  3  5 50 18  9 43 23  6 47 26 17  4 21 38 14 57 18 47 28 51 50
 23 47 13  6 49 18 12  0 37 45 41  4 45 31 47 45 41 28 42 13  9 48 46 31
 26 31  1 32 31 15 41 20  2  7  6 35  8 31 42 19 50 59 58 29 57 46 55 27
 33  3 24  0 28 34 51 33 42  1 50 44 53 38 47 46 25 26 56 23 50 56 34  0
  7 44 20 46 43 54 43 36 37 32  0  3 45 53 44  1  8 46  5 36 19 46 38 59
 33 10  0 45 56  3 48 11 34  8 11 37  8 33 32 34 58 18 11 40 46  2 29 42
 47 44  3 28  5 46 23 30 49 54  5 31 19 15 24 25 14 40 55 50 14 17 36 46
 23 21 23 21 24 12 58 50 26 31  7 52 20  4 59 57 30 19 11 22 50 31 17 39
 54 32 13 51 46 45 14 52 55 42 41 11 45 35 10 11  9 10  5 43 33 33 46 25
  8 39 26 47 22 57 43  1 33 39 23  5 18 46 59  9 43 11 29 31 10 39 21 38
 41 34 52  6 58  3 44 28 30 19  0 29 10 58 34 51 45 31 16  8 59 35 17 47
 51 43 12 20 51  6 40 46  8  0 13 44 47 31 52 30 35  9 22 34 37 50  4 13
 30 31 48 56 40 36 12 42 21 37 50 27 15 29 45 28  6 55 56  6 48 32 48 28
 52  3 20 53 26 23 34  5 44 46 33 14 14 26 53 34 15  0 58 28  9 31 17 58
 58 32 48 41  6 37 18  7 30 58 45 44  5 43 38 38 33 51  1 49 42 42 38 23
 54 47  0  4 12 23 50 46 24 50 55 51 20 22 10 40 14 53 18 37  5 19  7 37
 20 51 33 34 33 35 14 56  8 10 41 19 18 26 15 36 57 57 36  7 17 53 29 23
 15 27 24  3 19 47 23 40 52 48 19  1 17 23  1  4 50 24 55 37 16  9 20 12
 46 40 41 42 32 42 37 32 25 13  6 35  9 38 27 51 10 24 27 19 41 42 53 28
 24 53 27 43 36 21 15 36 28 37 19 15 29 24  0 10 35 15 17 40 36 30 29 26
 54 44 56 29 50 18 32 29 23  2 59 32  3 20 55 58  8 38 44 49 40 24 37 47
  3  0 45 38 23 20 26 51 19  6  3  8 53]
magnitudeType,[]
day,[29 28 25  5 24 14 12  8  1 24 18 13 10  7 27 29  4  3 24  4  1 23 10  7
  5 21 16  7  5  3 29 19 14 20 11  6 28 13  1 23 13  7 22 12  8  4 22 28
 27 14  2 13 12 10 10  1  1 23 22 15  6  3 31 28 22 21 15 20  2 25 15 28
  5 22 18  9 21 18 30 30 25 31  1 27 27 12 28 26 24 10 29  8 22 15 10 21
 14 13 10  1 30 23  4 29 23 13  9 21 10  5 15 10  9 29 20 22 12  7  7  7
  4 27 13 20 15 15 29 16  7  3 28 23 17 25 19 18 11  1 25 11 14  9  2 29
 26 25 13 12 12  2 31 20 12 18 16 15 13  2 27 11 25 24 11  9  1 23 21 21
  8  5  1  1 18 17  4 21 20 17  1 20 15 15  8  4 23 23 10 26 19 10  7 21
 10  8  7 14 26 22 21 12  6  1 25  9  4 17 26 22 19 17  8  6  2 24 18 16
 12  5 30 20 17  6  4  3 22 19 11  3 29 22  4 20 20  3 15 31 23 23 27 26
 19 13 13  9  9 18 16 14 12 10  2 16  6 30 28 25 24 11  8 23  4  2 29 17
 11  5  4 24 18 18 10  7 29 27 26 18 10 25 20  9  5 21 20 18 15 14 10 13
 12 23 19 22  3 24 18 20 16  7  1 13 13  6 27  2 12  2  3  8 28 13 28 27
 11 10  9  8  6  5  5  3 12 10 30 21 12 10  8 27 10  3 25  8 26 14 25 25
  3 30 22 27 13  9  5  2 16  7 17  5 26 10 30 10  8  1 29 29 28 17 29 13
  7 18 17  9  7 30 23 15 15 20 17  2  1 14 31 29 11  4 20 18  3 11 11  9
 28 24 25 25 23 19 11 18 26 11 18 10  2  4 21 17 28 22  6  9  9  7 24 12
 15 17 13 11 26 26 29  9 20 31 13  7  1 28 12 21 16  6 26 22 12 29 29 19
 15 24 21  4 28  7 26 22 19 16 11 31 18 17  7 24 26 20  3 25 21 25 29  4
 27 24 19  3 31 18  9  9  8 18  9 25 25  7 30 22 21 16 11  6 17 15  5  5
 21 20 15  6  5  2 24 21 20 17 24  9  6  5  4  1 25 22  1 30 29 15  2 30
 29 20 18 16 15 10 30 30 17  1  2 15 12  5 25  8  4  7 28 12 29 21 12  9
  6 18  2 12 11 31 24 14  1 30 26 29 28 26 22  5  5 20  7  2 20 10 18 28
 17  9 21 19  8  2 16  7 10  8  7 23 20 19 12 26 26 23 21 14  9  6  4 26
 20 18 18 15 13 30 23 22 17 17  6  7  5 26 23 18 10  9  2 23 21  8 15 12
  4  4 25 26 20 10  3 16 24  9 20 18 15  8  6 10  5  4  5 26 25 31 28  4
 11 14  7 11 18  3 21 21 13 10 10  6 29]
SemiMinor90,[]
ErrorStrike,[]
year,[2019 2019 2019 2019 2019 2019 2019 2019 2019 2019 2019 2019 2019 2019
 2019 2019 2019 2019 2019 2019 2019 2019 2019 2019 2019 2019 2019 2019
 2019 2019 2018 2018 2018 2018 2018 2018 2018 2018 2018 2018 2018 2018
 2018 2018 2018 2018 2018 2018 2018 2018 2018 2018 2018 2018 2018 2018
 2018 2018 2018 2018 2018 2018 2018 2018 2018 2018 2018 2018 2018 2018
 2018 2017 2017 2017 2017 2017 2017 2017 2017 2017 2017 2017 2017 2017
 2017 2017 2017 2017 2017 2017 2017 2017 2017 2017 2017 2017 2017 2017
 2017 2017 2016 2016 2016 2016 2016 2016 2016 2016 2016 2016 2016 2016
 2016 2016 2016 2016 2016 2016 2016 2016 2016 2016 2016 2016 2016 2016
 2016 2016 2016 2016 2016 2016 2016 2016 2016 2016 2016 2015 2015 2015
 2015 2015 2015 2015 2015 2015 2015 2015 2015 2015 2015 2015 2015 2015
 2015 2015 2015 2015 2015 2015 2015 2015 2015 2015 2015 2015 2015 2015
 2015 2015 2015 2015 2015 2015 2015 2015 2015 2015 2014 2014 2014 2014
 2014 2014 2014 2014 2014 2014 2014 2014 2014 2014 2014 2014 2014 2014
 2014 2014 2014 2014 2014 2014 2014 2014 2014 2014 2014 2014 2014 2014
 2014 2014 2014 2014 2014 2014 2014 2014 2013 2013 2013 2013 2013 2013
 2013 2013 2013 2013 2013 2013 2013 2013 2013 2013 2013 2013 2013 2013
 2013 2013 2013 2013 2013 2013 2013 2013 2013 2013 2013 2013 2013 2013
 2013 2012 2012 2012 2012 2012 2012 2012 2012 2012 2012 2012 2012 2012
 2012 2012 2012 2012 2012 2012 2012 2012 2012 2012 2012 2012 2012 2012
 2012 2012 2012 2012 2012 2012 2012 2012 2012 2012 2012 2012 2012 2012
 2012 2012 2012 2012 2012 2011 2011 2011 2011 2011 2011 2011 2011 2011
 2011 2011 2011 2011 2011 2011 2011 2011 2011 2011 2011 2011 2011 2011
 2011 2011 2011 2011 2011 2010 2010 2010 2010 2010 2010 2010 2010 2010
 2010 2010 2010 2010 2010 2010 2010 2010 2010 2010 2010 2010 2010 2010
 2010 2010 2009 2009 2009 2009 2009 2009 2009 2009 2009 2009 2009 2009
 2009 2009 2009 2009 2009 2009 2009 2009 2009 2009 2009 2009 2009 2009
 2009 2009 2009 2009 2009 2009 2009 2009 2008 2008 2008 2008 2008 2008
 2008 2008 2008 2008 2008 2008 2008 2008 2008 2008 2008 2008 2008 2008
 2008 2008 2007 2007 2007 2007 2007 2007 2007 2007 2007 2007 2007 2007
 2007 2007 2007 2007 2007 2007 2006 2006 2006 2006 2006 2006 2006 2006
 2006 2006 2006 2006 2006 2006 2006 2006 2006 2006 2006 2006 2006 2006
 2006 2006 2006 2005 2005 2005 2005 2005 2005 2005 2005 2005 2005 2005
 2005 2005 2005 2005 2005 2005 2005 2005 2005 2005 2005 2005 2005 2005
 2005 2005 2005 2005 2005 2005 2005 2005 2005 2005 2004 2004 2004 2004
 2004 2004 2004 2004 2004 2004 2004 2004 2004 2004 2004 2004 2004 2004
 2004 2004 2004 2004 2004 2004 2004 2004 2004 2004 2004 2004 2004 2004
 2004 2004 2004 2004 2003 2003 2003 2003 2003 2003 2003 2003 2003 2003
 2003 2003 2003 2003 2003 2003 2003 2003 2003 2003 2003 2003 2003 2003
 2003 2003 2003 2003 2003 2003 2003 2003 2002 2002 2002 2002 2002 2002
 2002 2002 2002 2002 2002 2002 2002 2002 2002 2002 2002 2002 2002 2002
 2002 2002 2002 2002 2002 2002 2002 2002 2002 2002 2002 2002 2002 2002
 2002 2001 2001 2001 2001 2001 2001 2001 2001 2001 2001 2001 2001 2001
 2001 2001 2001 2001 2001 2001 2001 2001 2001 2001 2001 2001 2001 2000
 2000 2000 2000 2000 2000 2000 2000 2000 2000 2000 2000 2000 2000 2000
 2000 2000 2000 2000 2000 2000 2000]
hour,[ 9 18 16 12 14 16  2 19  2 13 13 19 23 15 20 22 21 22  3  6  1 11  1 10
 23 16 10 14  1 20  3 11 19  2  7  2  8  4 10  3 16 20 19 17  4 20 18 23
  6 19 16 15 18 22  8 21 19  4  2 19 23  9 19 17  2 15  4  9  0  8  6 17
 12  1 16  3  1 13 23 10 22 22  5 14  1  4 20  4  6 10  3  1  5 14 18  5
 11 16  6 14  7 19  5  3 17 20 14  2 16  6  5  4 11  8  3 11  4 19 14  0
 10 13 10 16 11  4  9 13 11 16  9 20 17  9 22 19 16 12 18 22  2 16 15 17
 17  8  1 12  9  1  8 11  4  1  3 21 23 15 11 15 16  5 11  8  2 15 19  1
 15  4  7  3 14  2 17  5  3 16 11  8  3  2 12  4  9  6 12 18  2  2 15 12
 13 14  5  8 11 16 21  4 21 19 18  5  8  4 20 20  6 12 18  0  8 21  3 12
 13 11 18 18 22 23 17 15  5 13 14 11 15 20 12 17 15 23  4  0  2  1  8 22
 19 23  0 17 13 13  3  5 10  4  0  4 11 11 17  7 12  6  8  0 23 14 15  4
  5 15 17  0  8  1 11 12  9 17 15 15  2 19 20 12  8 11 21 12  1 20  9  4
 13 21 17  0  9 19 22 22 10  7 21  7  1 15 19 14  7 20  6  5  9 14 20  5
  7 14 19 15  6  8 11 12 11 14 16  8  1  8  4 18  3 14 12  5  5  7 16  6
 12 11 22 23 22  8 17  1  0  7  7 10 16 20 15  8 15 16 12  0 18  0  5 11
 21 18  4  8  3 22 11 16 12 15  9 11 21  5  3 19 21  5 19 17 21 17  4 10
 19 22 18  3 17  8 21  5  9  0 13  7 19 13 19 13  1  4  1 18 14  7 20 10
 20 14  9  1  5 20 20  5 13 19  5 23 15  9 12 11 18 20 22 11 15  1  0 10
  3  3 21  3 19 18  4  5 14 17  6 21 11 12  4  0 22  7 17 16  7  5  1 23
 10 20 15 10 22 19 15 10  4 19  3 18 17 19 16 21 22 22 17  2 16 14 23 12
 17 16  5  1 18 18 22 19 20  2 11 18 22  1  0  9  2 15 13  7  4 16 23 23
 23  8  5 21 14  9 17  1 13  2 15  4  9 21 11 13 19 21  5  8 20  0  0 19
  8 22 23  9  0  9 10 21  5 12  0 12 20 19 16 23 15  5  8  5 22  2  9 16
 23  3 17  3 11 13  8 17 12  4 16  1  9  2  6  6  0 14  5 14 23  2 10 11
  7  8  3 23 15 18  5 17  8  3 19  3  2 16 10  2 22 18 22  0 12 16 17 19
 22  1 21  0 20 15  4  3  7 17 21 12 23  4 15 18 11 12 10 16 13  8  3  7
 16 17 16 21  6 15  5 18 18 13  4  2  2]
eventID,[11163479. 11163305. 11162348. 11154098. 11149926. 11145501. 11144413.
 11143269. 11139753. 11136352. 11133361. 11131314. 11114660. 11061463.
 11054090. 11042325. 11033795. 11033391. 11029365. 11098322. 11010055.
 11008205. 11004336. 11003447. 11002954. 10997982. 10996371. 10993321.
 10992641. 10992283. 10990548. 10987031. 10985221. 11015860. 10970151.
 10968195. 10964863. 10958926. 10954110. 10950967. 10947631. 10945535.
 10939067. 10934145. 10932576. 10931373. 10917915. 10895674. 10894231.
 10882559. 10843408. 10803061. 10802708. 10802050. 10801807. 10767147.
 10768051. 10764000. 10763742. 10728247. 10725079. 10723751. 10722851.
 10721828. 10719903. 10719558. 10685833. 10645090. 10637970. 10608514.
 10605048. 10598985. 10560689. 10556660. 10522054. 10453587. 10447073.
 10447693. 10409981. 10409868. 10408342. 10399312. 10270606. 10269263.
 10269093. 10202631. 10117631. 10101037. 10091883. 10048549. 10045129.
 10006979. 10002859. 10001086.  9999705.  9993538.  9955554.  9955039.
  9953968.  9951175.  9950397.  9948594.  5199649.  5199120.  5198636.
  5195642.  5195389.  5193900.  5192840.  5192359.  5190531.  5190110.
  5190047.  5189195.  5188369.  5186073.  5185222.  5184776.  5184759.
  5184720.  5184545.  5183916.  5182668.  5180519.  5180007.  5179976.
  5178406.  5177356.  5176512.  5176170.  5175715.  5175224.  5174588.
  5172306.  5171663.  5171569.  5170889.  5166755.  5166318.  5164865.
  5161900.  5161489.  5160797.  5160445.  5160144.  5160021.  5158604.
  5158570.  5158557.  5157372.  5157122.  5156068.  5150739.  5149670.
  5149570.  5149550.  5149486.  5148981.  5115102.  5113463.  5111863.
  5111547.  5110122.  5109942.  5109089.  5075921.  5075777.  5075735.
  5074583.  5015233.  5007160.  5007151.  5005891.  5005779.  5004338.
  4909206.  4894714.  4894518.  4816707.  4815438.  4814841.  4814839.
  4814135.  4813538.  4812312.  4812299.  4811078.  4809660.  4808818.
  4807594.  4807358.  4768000.  4766135.  4765965.  4765780.  4724879.
  4723148.  4722778.  4722716.  4641601.  4641066.  4640540.  4639897.
  4601373.  4600907.  4598941.  4498584.  4489209.  4488994.  4488912.
  4417642.  4384650.  4374892.  4374674.  4373862.  4373801.  4371384.
  4371078.  4526350.  4370440.  4370325.  4369635.  4369023.  4368999.
  4368844.  4368797.  4368615.  4368523.  4368437.  4347368.  4310207.
  4309833.  4309831.  4225090.  4223905.  4222770.  4222339.  4222337.
  4220729.  4220726.  4222487.  4218027.  4217997.  4217563.  4217529.
  4215570.  4215444.  4215382.  4215290.  4213126.  4212447.  4211642.
  3800287.  3741353.  3741273.  3741032.  3741024.  3650568.  3650438.
  3649559.  3561076.  3560946.  3533845.  3480694.  3443459.  3605008.
  3550273.  3381055.  3380754.  3380581.  3380181.  3379949.  3378138.
  3378095.  3378034.  3377744.  3377343.  3379854.  3344143.  3343577.
  3343411.  3342521.  3342508.  3341453.  3341322.  3341320.  3341130.
  3339416.  3339371.  3338253.  3338068.  3336560.  3335466.  3335056.
  3334716.  3333306.  3333050.  3332606.  3332355.  3331279.  3331275.
  3330987.  3330510.  3323136.  3322031.  3321495.  3319476.  3317337.
  3316676.  3314962.  3288640.  3288517.  3287345.  3286998.  3286577.
  3286464.  3286291.  3286198.  3282416.  3278947.  3277878.  3277780.
  3277098.  3276277.  3275882.  3275791.  3275247.  3202774.  3181166.
  3180830.  3180594.  2880282.  2880052.  2879781.  2878967.  2878937.
  2877550.  2877263.  2876579.  2874579.  2873908.  2873698.  2873561.
  2851204.  2850458.  2850069.  2849093.  2848016.  2844955.  2844360.
  2843941.  2843006.  3319272.  2841622.  2841549.  2841519.  2841506.
  2841067.  2840423.  2839713.  2839291.  2838365.  2838316.  2838078.
  2837998.  2837757.  2873346.  2872964.  2872955.  2871939.  2871826.
  2871264.  2871232.  2870530.  2870018.  2869960.  2868207.  2867853.
  2867319.  2867206.  2866620.  2865593.  2865572.  2865519.  2865127.
  2864975.  2863226.  2863172.  2863039.  2862634.  2862089.  2860507.
  2858447.  2854916.  2750410.  2691691.  2653747.  2659918.  2742546.
  2721668.  2766200.  2738661.  2671922.  2679831.  2679267.  2670359.
  2746416.  2691420.  2574246.  2588508.  2567254.  2550540.  2631038.
  2532134.  2550104.  2435129.  2534195.  2554339.  2441780.  2423917.
  2402828.  2512332.  2438594.  2479108.  2461910.  2422035.  2383180.
  2368403.  2334949.  2399564.  2399546.  2369606.  2342303.  2372695.
  2364922.  2284673.  2390178.  2205882.  2296719.  2266123.  2253865.
  2238104.  2217611.  2333302.  2248166.  2244855.  2205486.  2272177.
  2274807.  2245552.  2191927.  2149029.  2134817.  2154566.  2179769.
  2048881.  2171499.  2162484.  2142871.  2037043.  2178857.  2132059.
  2081036.  2079240.  2070722.  2011830.  1970742.  2076854.  2086997.
  1969740.  2114970.  2041831.  2030928.  1999222.  1979633.  1956116.
  1997465.  1989930.  1954148.  1952015.  2015491.  2011351.  1989238.
  1952939.  1951501.  1940634.  1909988.  1891550.  1886613.  1863311.
  1898570.  1809112.  1787944.  1777965.  1772180.  1755792.  1896492.
  1882838.  1756381.  1920546.  1914248.  1836331.  1763961.  1922512.
  1917515.  1862691.  1852159.  1844554.  1837198.  1807867.  1925486.
  1922223.  1847889.  1753591.  1760972.  1722493.  1717209.  1706447.
  1740871.  1711046.  1704523.  1712935.  1694749.  1652465.  1690312.
  1675534.  1646584.  1638194.  1623899.  1672895.  1607185.  1581753.
  1581352.  1671054.  1634380.  1592551.  1542753.  1624432.  1601284.
  1607373.  1601299.  1583054.  1561793.  1512317.  1511052.  1548925.
  1515795.  1498676.  1498004.  1477533.  1493397.  1521042.  1489985.
  1476157.  1443426.  1439414.  1417954.  1397082.  1438011.  1415588.
  1370153.  1359354.  1357834.  1392240.  1387496.  1385365.  1319372.
  1359701.  1358748.  1350232.  1341273.  1324004.  1315325.  1303214.
  1296739.  1366595.  1345775.  1338382.  1337604.  1332787.  1328078.
  1313493.  1289730.  1287663.  1277496.  1277144.  1256975.  1256106.
  1249870.  1253562.  1243292.  1224417.  1191636.  1183816.  1125447.
  1236915.  1233689.  1071775.  1134059.  1108201.  1045328.  1037983.
  1197603.  1214670.  1178285.  1090488.  1025000.  1128757.  1117020.
   992197.  1076932.  1053166.  1025240.   965362.   956399.   988205.
   950736.   948076.   953050.  1082476.  1074881.  1179530.  1157581.
   959552.   931343.   931205.   893663.   908070.   918985.   878448.
   931338.   934003.   905287.   896281.   895169.   884318.   980693.]
SemiMajor90,[]
comment,[]
magnitude,[5.4 4.8 5.3 5.7 5.  7.1 5.  5.1 5.7 5.7 5.  5.3 5.7 6.9 4.8 4.9 5.7 5.2
 4.8 5.1 5.3 5.  5.1 5.3 5.1 5.1 5.4 5.2 5.  5.  7.  4.9 5.2 5.3 5.2 5.1
 5.4 5.2 5.1 5.2 4.9 5.4 5.2 5.4 5.  5.  5.2 5.1 5.4 4.9 5.8 5.2 5.  4.8
 5.4 5.3 5.  5.2 4.9 6.  5.1 5.5 4.8 4.8 5.  5.1 4.9 5.1 5.6 4.8 5.3 5.8
 5.3 5.2 5.8 5.3 5.4 5.3 5.6 5.2 5.  5.4 4.9 4.9 5.1 5.3 6.9 5.  5.4 5.9
 5.2 5.2 5.  4.9 5.  5.6 5.5 5.7 7.3 5.5 5.1 4.9 5.7 5.  4.9 5.1 5.8 4.9
 5.1 5.  5.  5.3 4.9 5.4 5.1 5.  4.9 6.4 4.9 4.8 5.5 4.9 5.1 4.9 4.9 5.6
 5.4 5.6 5.2 5.  5.5 5.1 6.1 5.4 4.9 5.2 6.5 5.1 5.7 5.  4.9 5.  5.2 4.8
 5.5 4.9 5.5 4.9 4.9 5.7 4.9 5.8 5.6 5.2 4.8 5.8 4.9 4.9 4.9 5.1 5.5 5.3
 5.2 4.9 5.  5.  5.2 4.7 4.8 5.  5.3 5.6 5.3 5.5 5.3 5.5 5.1 4.9 5.1 4.9
 5.9 7.1 4.8 4.9 5.  4.8 5.  5.1 5.  6.3 5.  4.9 5.5 5.1 5.1 6.2 5.2 5.1
 5.4 5.2 5.1 4.9 4.9 5.5 5.2 5.8 5.5 5.3 5.  5.  5.  4.9 5.1 5.4 5.3 4.9
 5.3 4.9 4.9 5.1 5.1 4.9 5.1 5.3 5.3 6.1 5.1 6.  5.3 5.  5.1 4.9 5.1 5.2
 5.3 5.  4.9 4.8 5.8 5.5 5.1 4.9 4.9 5.3 4.9 5.1 5.1 5.3 5.2 5.  5.2 6.2
 5.  5.3 5.5 5.2 5.1 6.  4.9 4.9 5.4 5.  5.7 6.  4.9 4.8 4.8 5.  4.9 5.1
 4.9 5.1 5.3 5.2 6.6 5.8 5.  4.8 4.8 5.1 5.2 5.1 5.1 4.9 5.7 5.5 5.  5.2
 5.2 5.7 5.2 5.6 4.9 5.2 4.9 5.4 5.1 5.4 4.9 6.1 5.2 5.  5.  5.2 4.9 5.2
 5.  5.4 5.3 6.4 5.5 5.1 5.1 5.2 5.7 5.1 5.5 5.  5.8 5.4 5.8 6.5 5.  4.9
 5.3 4.9 5.6 5.6 5.3 5.3 5.8 6.2 5.  5.3 5.  5.  6.3 5.5 5.3 5.3 5.  5.4
 5.1 4.9 5.8 5.5 5.4 6.1 5.  5.4 5.4 5.  5.  5.2 5.5 5.  6.1 5.2 5.2 6.
 6.8 5.8 5.1 5.7 5.  5.1 5.5 5.  5.3 5.4 5.  5.2 5.8 6.1 4.8 5.7 5.1 6.2
 5.3 4.9 4.9 7.1 5.  5.4 5.  5.1 5.4 6.3 5.2 5.2 5.9 5.3 5.6 6.6 5.1 5.4
 5.3 5.  4.9 4.9 5.1 4.9 5.9 6.  5.1 5.8 5.  5.3 5.3 5.1 6.3 5.4 6.9 5.1
 5.5 4.9 5.1 5.6 5.4 5.  5.4 5.1 6.1 7.5 5.6 5.1 5.4 5.5 6.3 6.2 5.1 4.9
 5.3 5.9 5.1 5.4 5.1 5.3 5.3 5.  6.3 5.7 4.9 6.1 4.9 4.7 5.1 4.8 4.8 4.8
 4.9 4.9 6.3 5.8 5.1 6.  5.4 4.8 5.4 5.9 5.1 5.8 4.7 5.9 4.9 4.8 5.2 4.8
 5.3 5.9 5.3 4.8 5.1 5.  5.1 5.2 5.2 6.5 5.1 7.1 5.8 5.2 5.3 5.5 4.8 5.2
 4.9 5.3 5.1 5.3 5.1 4.8 5.  5.  4.8 5.6 5.  4.9 5.3 5.3 4.9 4.9 4.8 6.2
 4.9 5.1 5.  5.  5.  5.1 5.1 5.4 5.  4.8 5.6 5.5 5.3 4.9 5.2 5.1 4.9 4.9
 5.8 5.2 5.2 5.5 6.2 5.8 5.8 6.3 5.1 5.5 6.  5.5 5.8 5.2 6.  5.2 5.  5.
 5.2 6.9 5.4 6.1 6.3 5.1 5.3 5.5 5.4 6.3 5.  5.3 5.8 5.5 5.7 5.5 4.8 5.9
 5.2 5.2 5.3 5.1 5.  5.1 5.3 5.6 5.  5.  5.9 5.2 5.  5.4 5.5 5.1 5.7 4.9
 5.2 5.3 5.  5.2 5.4 5.  5.7 5.4 5.4 5.7 5.1 5.7 5.2 5.2 5.3 5.  5.2 6.
 5.2 5.3 5.1 5.2 5.2 5.2 5.1 5.8 5.6 5.1 5.1 5.4 5.8 5.2 7.  5.3 5.5 5.5
 5.3 5.1 5.7 5.6 5.7 5.7 5.3 5.9 5.1 5.6 5.5 5.5 5.3 6.3 5.5 5.1 5.6 6.1
 5.9 5.2 5.6 5.1 5.4 5.4 5. ]
cluster_index,[  0   0   0   0   0   4   0   0   0   0   0   0   0   9   0   0  63   0
   0   0   0   0   0  89   0   0  80   0   0   0   6   0   0   0   0   0
  84   0   0   0   0   0   0   0   0   0   0   0   0   0  59   0   0   0
   0   0   0   0   0  37   0   0   0   0   0   0   0   0   0   0   0  52
   0   0  55   0   0   0   0   0   0   0   0   0   0   0   7   0   0  44
   0   0   0   0   0   0   0   0   0  76   0   0   0   0   0   0  56   0
   0   0   0   0   0   0   0   0   0  16   0   0   0   0   0   0   0   0
   0  73   0   0   0   0   0   0   0   0  15  99  66   0   0   0   0   0
   0   0  74   0   0   0   0  50   0   0   0  51   0   0   0   0   0   0
   0   0   0   0   0   0   0   0   0  70   0   0   0   0   0   0   0   0
  42   3   0   0   0   0   0   0   0  20   0   0   0   0   0  27   0   0
   0   0   0   0   0   0   0   0   0   0   0   0   0   0   0   0   0   0
   0   0   0   0 100   0   0   0   0  34   0   0   0   0   0   0   0   0
   0   0   0   0   0   0   0   0   0   0   0   0   0   0   0   0   0   0
   0   0   0   0 102  40   0   0  86   0  62   0   0   0   0   0   0   0
   0   0   0   0  12  57   0   0   0   0   0   0   0   0  64   0   0   0
   0  65  97   0   0   0   0   0   0  87   0  36   0   0   0   0   0   0
   0   0   0  17   0   0   0   0   0   0   0   0  49   0   0  13   0   0
   0   0   0  71   0   0   0  25   0  92   0   0  18   0   0   0   0   0
   0   0   0   0  78  30   0   0   0   0   0   0  75   0  31   0   0  38
   0  53   0  61   0   0   0   0  88  79   0   0  54  32   0   0   0  26
   0   0   0   2   0   0   0   0   0  19   0  95  41   0   0  11   0   0
   0   0   0   0   0   0  43  39   0   0   0   0  90   0   0   0   8   0
   0   0   0   0  81   0  82   0  33   1   0   0   0   0   0  28   0   0
   0  45   0  83   0   0   0   0  21   0   0  35   0   0   0   0   0   0
   0   0  22   0 101   0   0   0  85   0   0   0   0  46   0   0   0   0
   0  47   0 104   0   0   0   0   0  14   0   0   0   0   0   0   0   0
   0   0   0   0   0   0 103   0   0  72   0   0   0   0   0   0   0   0
   0   0   0   0   0   0   0   0   0   0   0   0   0   0   0   0   0   0
   0   0   0   0  29   0  58  23   0   0   0   0   0   0   0   0   0   0
   0  10   0   0   0   0   0   0   0  24   0   0   0   0   0   0   0   0
   0   0   0   0   0   0  91   0   0   0   0  98   0   0  77   0  67   0
   0   0   0  96   0   0   0   0   0   0   0   0   0   0   0   0   0   0
   0  93   0   0   0  94   0  48  68   0   0   0   0   0   5   0   0   0
   0   0  60   0   0   0   0   0   0   0   0   0   0   0   0   0  69   0
   0   0   0   0   0   0   0]
cluster_flag,[0 0 0 0 0 0 0 0 0 0 0 0 0 0 0 0 0 0 0 0 0 0 0 0 0 0 0 0 0 0 0 0 0 0 0 0 0
 0 0 0 0 0 0 0 0 0 0 0 0 0 0 0 0 0 0 0 0 0 0 0 0 0 0 0 0 0 0 0 0 0 0 0 0 0
 0 0 0 0 0 0 0 0 0 0 0 0 0 0 0 0 0 0 0 0 0 0 0 0 0 0 0 0 0 0 0 0 0 0 0 0 0
 0 0 0 0 0 0 0 0 0 0 0 0 0 0 0 0 0 0 0 0 0 0 0 0 0 0 0 0 0 0 0 0 0 0 0 0 0
 0 0 0 0 0 0 0 0 0 0 0 0 0 0 0 0 0 0 0 0 0 0 0 0 0 0 0 0 0 0 0 0 0 0 0 0 0
 0 0 0 0 0 0 0 0 0 0 0 0 0 0 0 0 0 0 0 0 0 0 0 0 0 0 0 0 0 0 0 0 0 0 0 0 0
 0 0 0 0 0 0 0 0 0 0 0 0 0 0 0 0 0 0 0 0 0 0 0 0 0 0 0 0 0 0 0 0 0 0 0 0 0
 0 0 0 0 0 0 0 0 0 0 0 0 0 0 0 0 0 0 0 0 0 0 0 0 0 0 0 0 0 0 0 0 0 0 0 0 0
 0 0 0 0 0 0 0 0 0 0 0 0 0 0 0 0 0 0 0 0 0 0 0 0 0 0 0 0 0 0 0 0 0 0 0 0 0
 0 0 0 0 0 0 0 0 0 0 0 0 0 0 0 0 0 0 0 0 0 0 0 0 0 0 0 0 0 0 0 0 0 0 0 0 0
 0 0 0 0 0 0 0 0 0 0 0 0 0 0 0 0 0 0 0 0 0 0 0 0 0 0 0 0 0 0 0 0 0 0 0 0 0
 0 0 0 0 0 0 0 0 0 0 0 0 0 0 0 0 0 0 0 0 0 0 0 0 0 0 0 0 0 0 0 0 0 0 0 0 0
 0 0 0 0 0 0 0 0 0 0 0 0 0 0 0 0 0 0 0 0 0 0 0 0 0 0 0 0 0 0 0 0 0 0 0 0 0
 0 0 0 0 0 0 0 0 0 0 0 0 0 0 0 0 0 0 0 0 0 0 0 0 0 0 0 0 0 0 0 0 0 0 0 0 0
 0 0 0 0 0 0 0 0 0 0 0 0 0 0 0 0 0 0 0 0 0 0 0 0 0 0 0 0 0 0 0 0 0 0 0 0 0
 0 0 0 0 0 0 0 0 0 0 0 0 0 0 0 0 0 0 0 0 0 0 0 0 0 0 0 0 0 0 0 0 0 0 0 0 0
 0 0 0 0 0 0 0 0 0 0 0 0 0 0 0 0 0 0 0 0 0 0 0 0 0 0 0 0 0 0 0 0 0 0 0 0 0
 0 0 0 0 0 0 0 0]
