<PAMDataset>
  <Metadata>
    <MDI key="DataType">Generic</MDI>
  </Metadata>
  <PAMRasterBand band="1">
    <Description>Band_1</Description>
    <Histograms>
      <HistItem>
        <HistMin>180</HistMin>
        <HistMax>900</HistMax>
        <BucketCount>256</BucketCount>
        <IncludeOutOfRange>1</IncludeOutOfRange>
        <Approximate>0</Approximate>
        <HistCounts>6|0|0|0|0|0|0|0|0|0|0|0|0|1|3|1|0|0|3|1|0|1|0|0|0|2|1|0|1|1|1|0|1|1|1|1|1|0|0|0|1|4|3|0|2|0|1|1|0|0|2|0|2|3|3|0|3|4|2|1|2|1|3|1|2|1|1|2|5|2|1|1|2|0|2|2|5|2|1|3|2|3|4|2|1|2|2|4|1|1|0|3|2|2|4|4|4|2|3|6|8|4|6|5|3|3|3|2|4|4|2|8|2|5|6|1|4|4|3|11|4|8|6|3|2|4|3|8|7|7|5|5|8|6|6|5|7|2|2|3|5|5|6|5|6|5|9|2|19021|8|5|5|7|2|4|8|4|2|1|1|3|1|1|2|0|1|2|3|5|0|0|2|6|5|1|3|3|1|4|2|4|1|2|5|0|1|5|2|0|4|2|0|1|2|4|3|0|4|0|2|6|3|6|5|1|1|1|3|1|1|2|2|2|4|3|0|1|0|1|4|2|2|2|2|2|3|3|2|3|3|1|1|0|4|0|0|6|0|0|0|1|3|2|2|4|1|1|1|1|1|2|0|2|1|0|92</HistCounts>
      </HistItem>
    </Histograms>
    <Metadata>
      <MDI key="BandName">Band_1</MDI>
      <MDI key="RepresentationType">ATHEMATIC</MDI>
      <MDI key="STATISTICS_COVARIANCES">1251.395631857596</MDI>
      <MDI key="STATISTICS_EXCLUDEDVALUES"></MDI>
      <MDI key="STATISTICS_MAXIMUM">900</MDI>
      <MDI key="STATISTICS_MEAN">600.32512415122</MDI>
      <MDI key="STATISTICS_MINIMUM">180</MDI>
      <MDI key="STATISTICS_SKIPFACTORX">1</MDI>
      <MDI key="STATISTICS_SKIPFACTORY">1</MDI>
      <MDI key="STATISTICS_STDDEV">35.375070768234</MDI>
    </Metadata>
  </PAMRasterBand>
</PAMDataset>
